threshold,scam_hits,scam_n,p_hit_given_scam,p_scam_lower,p_scam_upper,ham_hits,ham_n,p_hit_given_ham,p_ham_lower,p_ham_upper,log_likelihood_ratio,feasible
-2.920277,572,572,1.000000,0.993329,1.000000,824,824,1.000000,0.995360,1.000000,0.000000,false
-2.885894,572,572,1.000000,0.993329,1.000000,823,824,0.998786,0.993158,0.999786,0.001214,false
-2.882476,572,572,1.000000,0.993329,1.000000,822,824,0.997573,0.991194,0.999334,0.002430,false
-2.867165,572,572,1.000000,0.993329,1.000000,821,824,0.996359,0.989351,0.998761,0.003647,false
-2.846499,572,572,1.000000,0.993329,1.000000,820,824,0.995146,0.987585,0.998111,0.004866,false
-2.809810,572,572,1.000000,0.993329,1.000000,819,824,0.993932,0.985875,0.997405,0.006086,false
-2.806488,572,572,1.000000,0.993329,1.000000,818,824,0.992718,0.984205,0.996659,0.007308,false
-2.804622,572,572,1.000000,0.993329,1.000000,817,824,0.991505,0.982569,0.995879,0.008531,false
-2.795290,572,572,1.000000,0.993329,1.000000,816,824,0.990291,0.980960,0.995072,0.009756,false
-2.793055,572,572,1.000000,0.993329,1.000000,814,824,0.987864,0.977806,0.993395,0.012210,false
-2.778566,572,572,1.000000,0.993329,1.000000,813,824,0.986650,0.976255,0.992530,0.013439,false
-2.681764,572,572,1.000000,0.993329,1.000000,812,824,0.985437,0.974719,0.991650,0.014670,false
-2.650439,572,572,1.000000,0.993329,1.000000,811,824,0.984223,0.973196,0.990757,0.015902,false
-2.642851,572,572,1.000000,0.993329,1.000000,810,824,0.983010,0.971684,0.989853,0.017136,false
-2.638432,572,572,1.000000,0.993329,1.000000,809,824,0.981796,0.970183,0.988938,0.018372,false
-2.633322,572,572,1.000000,0.993329,1.000000,808,824,0.980583,0.968692,0.988013,0.019608,false
-2.606674,572,572,1.000000,0.993329,1.000000,807,824,0.979369,0.967209,0.987080,0.020847,false
-2.598546,572,572,1.000000,0.993329,1.000000,806,824,0.978155,0.965735,0.986138,0.022087,false
-2.596417,572,572,1.000000,0.993329,1.000000,805,824,0.976942,0.964268,0.985189,0.023328,false
-2.595494,572,572,1.000000,0.993329,1.000000,804,824,0.975728,0.962808,0.984234,0.024571,false
-2.594736,572,572,1.000000,0.993329,1.000000,803,824,0.974515,0.961354,0.983271,0.025816,false
-2.582483,572,572,1.000000,0.993329,1.000000,802,824,0.973301,0.959906,0.982303,0.027062,false
-2.578402,572,572,1.000000,0.993329,1.000000,801,824,0.972087,0.958464,0.981329,0.028310,false
-2.574451,572,572,1.000000,0.993329,1.000000,800,824,0.970874,0.957027,0.980350,0.029559,false
-2.572334,572,572,1.000000,0.993329,1.000000,799,824,0.969660,0.955595,0.979366,0.030810,false
-2.570953,572,572,1.000000,0.993329,1.000000,798,824,0.968447,0.954168,0.978378,0.032062,false
-2.568424,572,572,1.000000,0.993329,1.000000,797,824,0.967233,0.952745,0.977384,0.033316,false
-2.558220,572,572,1.000000,0.993329,1.000000,796,824,0.966019,0.951327,0.976387,0.034571,false
-2.557437,572,572,1.000000,0.993329,1.000000,795,824,0.964806,0.949913,0.975385,0.035828,false
-2.543119,572,572,1.000000,0.993329,1.000000,794,824,0.963592,0.948502,0.974380,0.037087,false
-2.542588,572,572,1.000000,0.993329,1.000000,793,824,0.962379,0.947095,0.973371,0.038347,false
-2.538146,572,572,1.000000,0.993329,1.000000,792,824,0.961165,0.945691,0.972359,0.039609,false
-2.527251,572,572,1.000000,0.993329,1.000000,791,824,0.959951,0.944291,0.971343,0.040873,false
-2.520836,572,572,1.000000,0.993329,1.000000,790,824,0.958738,0.942894,0.970324,0.042138,false
-2.516244,572,572,1.000000,0.993329,1.000000,789,824,0.957524,0.941500,0.969302,0.043404,false
-2.508764,572,572,1.000000,0.993329,1.000000,788,824,0.956311,0.940109,0.968277,0.044672,false
-2.497797,572,572,1.000000,0.993329,1.000000,787,824,0.955097,0.938721,0.967250,0.045942,false
-2.485950,572,572,1.000000,0.993329,1.000000,786,824,0.953883,0.937336,0.966219,0.047214,false
-2.472417,572,572,1.000000,0.993329,1.000000,785,824,0.952670,0.935953,0.965186,0.048487,false
-2.466853,572,572,1.000000,0.993329,1.000000,784,824,0.951456,0.934572,0.964150,0.049762,false
-2.458125,572,572,1.000000,0.993329,1.000000,783,824,0.950243,0.933195,0.963112,0.051038,false
-2.448115,572,572,1.000000,0.993329,1.000000,782,824,0.949029,0.931819,0.962072,0.052316,false
-2.447736,572,572,1.000000,0.993329,1.000000,781,824,0.947816,0.930446,0.961029,0.053595,false
-2.443505,572,572,1.000000,0.993329,1.000000,780,824,0.946602,0.929075,0.959984,0.054877,false
-2.435951,572,572,1.000000,0.993329,1.000000,779,824,0.945388,0.927706,0.958937,0.056159,false
-2.435691,572,572,1.000000,0.993329,1.000000,778,824,0.944175,0.926339,0.957888,0.057444,false
-2.435414,572,572,1.000000,0.993329,1.000000,777,824,0.942961,0.924974,0.956837,0.058730,false
-2.424446,572,572,1.000000,0.993329,1.000000,776,824,0.941748,0.923612,0.955784,0.060018,false
-2.422087,572,572,1.000000,0.993329,1.000000,775,824,0.940534,0.922251,0.954729,0.061308,false
-2.412480,572,572,1.000000,0.993329,1.000000,774,824,0.939320,0.920891,0.953672,0.062599,false
-2.411669,572,572,1.000000,0.993329,1.000000,773,824,0.938107,0.919534,0.952614,0.063891,false
-2.408334,572,572,1.000000,0.993329,1.000000,772,824,0.936893,0.918179,0.951553,0.065186,false
-2.401390,572,572,1.000000,0.993329,1.000000,771,824,0.935680,0.916825,0.950491,0.066482,false
-2.400644,572,572,1.000000,0.993329,1.000000,770,824,0.934466,0.915472,0.949427,0.067780,false
-2.395051,572,572,1.000000,0.993329,1.000000,769,824,0.933252,0.914122,0.948362,0.069080,false
-2.394807,572,572,1.000000,0.993329,1.000000,768,824,0.932039,0.912773,0.947295,0.070381,false
-2.385602,572,572,1.000000,0.993329,1.000000,767,824,0.930825,0.911425,0.946227,0.071684,false
-2.383391,572,572,1.000000,0.993329,1.000000,766,824,0.929612,0.910079,0.945157,0.072988,false
-2.372507,572,572,1.000000,0.993329,1.000000,765,824,0.928398,0.908735,0.944086,0.074295,false
-2.366054,572,572,1.000000,0.993329,1.000000,764,824,0.927184,0.907392,0.943013,0.075603,false
-2.365980,572,572,1.000000,0.993329,1.000000,763,824,0.925971,0.906050,0.941938,0.076912,false
-2.361521,572,572,1.000000,0.993329,1.000000,762,824,0.924757,0.904710,0.940863,0.078224,false
-2.360328,572,572,1.000000,0.993329,1.000000,761,824,0.923544,0.903371,0.939786,0.079537,false
-2.353000,572,572,1.000000,0.993329,1.000000,760,824,0.922330,0.902033,0.938708,0.080852,false
-2.352026,572,572,1.000000,0.993329,1.000000,759,824,0.921117,0.900696,0.937628,0.082169,false
-2.346853,572,572,1.000000,0.993329,1.000000,758,824,0.919903,0.899361,0.936548,0.083487,false
-2.341831,572,572,1.000000,0.993329,1.000000,757,824,0.918689,0.898027,0.935466,0.084807,false
-2.336192,572,572,1.000000,0.993329,1.000000,756,824,0.917476,0.896695,0.934382,0.086129,false
-2.329024,572,572,1.000000,0.993329,1.000000,755,824,0.916262,0.895363,0.933298,0.087453,false
-2.326763,572,572,1.000000,0.993329,1.000000,754,824,0.915049,0.894033,0.932212,0.088778,false
-2.324199,572,572,1.000000,0.993329,1.000000,753,824,0.913835,0.892703,0.931126,0.090105,false
-2.323409,572,572,1.000000,0.993329,1.000000,752,824,0.912621,0.891375,0.930038,0.091434,false
-2.322087,572,572,1.000000,0.993329,1.000000,751,824,0.911408,0.890048,0.928949,0.092765,false
-2.316214,572,572,1.000000,0.993329,1.000000,750,824,0.910194,0.888722,0.927859,0.094097,false
-2.311443,572,572,1.000000,0.993329,1.000000,749,824,0.908981,0.887397,0.926768,0.095432,false
-2.311034,572,572,1.000000,0.993329,1.000000,748,824,0.907767,0.886073,0.925676,0.096768,false
-2.307220,572,572,1.000000,0.993329,1.000000,747,824,0.906553,0.884750,0.924583,0.098105,false
-2.305579,572,572,1.000000,0.993329,1.000000,746,824,0.905340,0.883429,0.923489,0.099445,false
-2.305197,572,572,1.000000,0.993329,1.000000,745,824,0.904126,0.882108,0.922394,0.100786,false
-2.304448,572,572,1.000000,0.993329,1.000000,744,824,0.902913,0.880788,0.921298,0.102129,false
-2.299859,572,572,1.000000,0.993329,1.000000,743,824,0.901699,0.879469,0.920201,0.103474,false
-2.297363,572,572,1.000000,0.993329,1.000000,742,824,0.900485,0.878151,0.919103,0.104821,false
-2.297122,572,572,1.000000,0.993329,1.000000,741,824,0.899272,0.876834,0.918005,0.106170,false
-2.293820,572,572,1.000000,0.993329,1.000000,740,824,0.898058,0.875517,0.916905,0.107520,false
-2.293626,572,572,1.000000,0.993329,1.000000,739,824,0.896845,0.874202,0.915804,0.108873,false
-2.269272,572,572,1.000000,0.993329,1.000000,738,824,0.895631,0.872888,0.914703,0.110227,false
-2.269227,572,572,1.000000,0.993329,1.000000,737,824,0.894417,0.871574,0.913601,0.111583,false
-2.264990,572,572,1.000000,0.993329,1.000000,736,824,0.893204,0.870261,0.912497,0.112940,false
-2.260875,572,572,1.000000,0.993329,1.000000,735,824,0.891990,0.868949,0.911393,0.114300,false
-2.253565,572,572,1.000000,0.993329,1.000000,734,824,0.890777,0.867638,0.910289,0.115662,false
-2.253093,572,572,1.000000,0.993329,1.000000,733,824,0.889563,0.866328,0.909183,0.117025,false
-2.250725,572,572,1.000000,0.993329,1.000000,732,824,0.888350,0.865018,0.908076,0.118390,false
-2.247420,572,572,1.000000,0.993329,1.000000,731,824,0.887136,0.863710,0.906969,0.119757,false
-2.243955,572,572,1.000000,0.993329,1.000000,730,824,0.885922,0.862402,0.905861,0.121126,false
-2.243714,572,572,1.000000,0.993329,1.000000,729,824,0.884709,0.861095,0.904752,0.122497,false
-2.243077,572,572,1.000000,0.993329,1.000000,728,824,0.883495,0.859788,0.903643,0.123869,false
-2.238126,572,572,1.000000,0.993329,1.000000,727,824,0.882282,0.858483,0.902533,0.125244,false
-2.237009,572,572,1.000000,0.993329,1.000000,726,824,0.881068,0.857178,0.901421,0.126621,false
-2.236998,572,572,1.000000,0.993329,1.000000,725,824,0.879854,0.855874,0.900310,0.127999,false
-2.233594,572,572,1.000000,0.993329,1.000000,724,824,0.878641,0.854570,0.899197,0.129379,false
-2.232550,572,572,1.000000,0.993329,1.000000,723,824,0.877427,0.853268,0.898084,0.130761,false
-2.219569,572,572,1.000000,0.993329,1.000000,722,824,0.876214,0.851966,0.896970,0.132145,false
-2.217972,572,572,1.000000,0.993329,1.000000,721,824,0.875000,0.850664,0.895856,0.133531,false
-2.217065,572,572,1.000000,0.993329,1.000000,720,824,0.873786,0.849364,0.894740,0.134919,false
-2.212982,572,572,1.000000,0.993329,1.000000,719,824,0.872573,0.848064,0.893624,0.136309,false
-2.209430,572,572,1.000000,0.993329,1.000000,718,824,0.871359,0.846764,0.892508,0.137701,false
-2.202267,572,572,1.000000,0.993329,1.000000,717,824,0.870146,0.845466,0.891390,0.139095,false
-2.198437,572,572,1.000000,0.993329,1.000000,716,824,0.868932,0.844168,0.890272,0.140490,false
-2.197776,572,572,1.000000,0.993329,1.000000,715,824,0.867718,0.842870,0.889154,0.141888,false
-2.197047,572,572,1.000000,0.993329,1.000000,714,824,0.866505,0.841574,0.888035,0.143288,false
-2.196965,572,572,1.000000,0.993329,1.000000,713,824,0.865291,0.840278,0.886915,0.144689,false
-2.189757,572,572,1.000000,0.993329,1.000000,712,824,0.864078,0.838982,0.885794,0.146093,false
-2.185366,572,572,1.000000,0.993329,1.000000,711,824,0.862864,0.837687,0.884673,0.147498,false
-2.183760,572,572,1.000000,0.993329,1.000000,710,824,0.861650,0.836393,0.883552,0.148906,false
-2.178255,572,572,1.000000,0.993329,1.000000,709,824,0.860437,0.835099,0.882429,0.150315,false
-2.176853,572,572,1.000000,0.993329,1.000000,708,824,0.859223,0.833806,0.881306,0.151726,false
-2.173887,572,572,1.000000,0.993329,1.000000,707,824,0.858010,0.832514,0.880183,0.153140,false
-2.171654,572,572,1.000000,0.993329,1.000000,706,824,0.856796,0.831222,0.879059,0.154555,false
-2.170674,572,572,1.000000,0.993329,1.000000,705,824,0.855583,0.829931,0.877934,0.155973,false
-2.168128,572,572,1.000000,0.993329,1.000000,704,824,0.854369,0.828640,0.876809,0.157392,false
-2.166940,572,572,1.000000,0.993329,1.000000,703,824,0.853155,0.827350,0.875683,0.158814,false
-2.163655,572,572,1.000000,0.993329,1.000000,702,824,0.851942,0.826060,0.874557,0.160237,false
-2.163014,572,572,1.000000,0.993329,1.000000,701,824,0.850728,0.824771,0.873430,0.161663,false
-2.163001,572,572,1.000000,0.993329,1.000000,700,824,0.849515,0.823483,0.872303,0.163090,false
-2.156217,572,572,1.000000,0.993329,1.000000,699,824,0.848301,0.822195,0.871175,0.164520,false
-2.142353,572,572,1.000000,0.993329,1.000000,698,824,0.847087,0.820907,0.870046,0.165951,false
-2.130112,572,572,1.000000,0.993329,1.000000,697,824,0.845874,0.819620,0.868917,0.167385,false
-2.129710,572,572,1.000000,0.993329,1.000000,696,824,0.844660,0.818334,0.867788,0.168821,false
-2.128458,572,572,1.000000,0.993329,1.000000,695,824,0.843447,0.817048,0.866658,0.170259,false
-2.128409,572,572,1.000000,0.993329,1.000000,694,824,0.842233,0.815763,0.865527,0.171699,false
-2.127135,572,572,1.000000,0.993329,1.000000,693,824,0.841019,0.814478,0.864396,0.173141,false
-2.126566,572,572,1.000000,0.993329,1.000000,692,824,0.839806,0.813194,0.863264,0.174585,false
-2.126140,572,572,1.000000,0.993329,1.000000,691,824,0.838592,0.811910,0.862132,0.176031,false
-2.126133,572,572,1.000000,0.993329,1.000000,690,824,0.837379,0.810627,0.860999,0.177479,false
-2.125982,572,572,1.000000,0.993329,1.000000,689,824,0.836165,0.809344,0.859866,0.178929,false
-2.121909,572,572,1.000000,0.993329,1.000000,688,824,0.834951,0.808062,0.858733,0.180382,false
-2.121878,572,572,1.000000,0.993329,1.000000,687,824,0.833738,0.806780,0.857599,0.181836,false
-2.114765,572,572,1.000000,0.993329,1.000000,686,824,0.832524,0.805498,0.856464,0.183293,false
-2.113970,572,572,1.000000,0.993329,1.000000,685,824,0.831311,0.804218,0.855329,0.184752,false
-2.112883,572,572,1.000000,0.993329,1.000000,684,824,0.830097,0.802937,0.854193,0.186213,false
-2.112533,572,572,1.000000,0.993329,1.000000,683,824,0.828883,0.801657,0.853057,0.187676,false
-2.109811,572,572,1.000000,0.993329,1.000000,682,824,0.827670,0.800378,0.851921,0.189141,false
-2.109486,572,572,1.000000,0.993329,1.000000,681,824,0.826456,0.799099,0.850784,0.190608,false
-2.108237,572,572,1.000000,0.993329,1.000000,680,824,0.825243,0.797820,0.849647,0.192078,false
-2.106511,572,572,1.000000,0.993329,1.000000,679,824,0.824029,0.796542,0.848509,0.193549,false
-2.101010,572,572,1.000000,0.993329,1.000000,678,824,0.822816,0.795265,0.847371,0.195023,false
-2.100053,572,572,1.000000,0.993329,1.000000,677,824,0.821602,0.793987,0.846232,0.196499,false
-2.097803,572,572,1.000000,0.993329,1.000000,676,824,0.820388,0.792711,0.845093,0.197977,false
-2.096378,572,572,1.000000,0.993329,1.000000,675,824,0.819175,0.791434,0.843953,0.199458,false
-2.094160,572,572,1.000000,0.993329,1.000000,674,824,0.817961,0.790158,0.842813,0.200940,false
-2.092680,572,572,1.000000,0.993329,1.000000,673,824,0.816748,0.788883,0.841673,0.202425,false
-2.090989,572,572,1.000000,0.993329,1.000000,672,824,0.815534,0.787608,0.840532,0.203912,false
-2.085727,572,572,1.000000,0.993329,1.000000,671,824,0.814320,0.786333,0.839390,0.205401,false
-2.084723,572,572,1.000000,0.993329,1.000000,670,824,0.813107,0.785059,0.838249,0.206893,false
-2.081453,572,572,1.000000,0.993329,1.000000,669,824,0.811893,0.783785,0.837106,0.208386,false
-2.080482,572,572,1.000000,0.993329,1.000000,668,824,0.810680,0.782512,0.835964,0.209882,false
-2.080426,572,572,1.000000,0.993329,1.000000,667,824,0.809466,0.781239,0.834821,0.211380,false
-2.078097,572,572,1.000000,0.993329,1.000000,666,824,0.808252,0.779967,0.833677,0.212881,false
-2.077980,572,572,1.000000,0.993329,1.000000,665,824,0.807039,0.778695,0.832534,0.214383,false
-2.075971,572,572,1.000000,0.993329,1.000000,664,824,0.805825,0.777423,0.831389,0.215888,false
-2.075765,572,572,1.000000,0.993329,1.000000,663,824,0.804612,0.776152,0.830245,0.217396,false
-2.074468,572,572,1.000000,0.993329,1.000000,662,824,0.803398,0.774881,0.829100,0.218905,false
-2.072117,572,572,1.000000,0.993329,1.000000,661,824,0.802184,0.773610,0.827954,0.220417,false
-2.067505,572,572,1.000000,0.993329,1.000000,660,824,0.800971,0.772340,0.826808,0.221931,false
-2.064253,572,572,1.000000,0.993329,1.000000,659,824,0.799757,0.771070,0.825662,0.223447,false
-2.063119,572,572,1.000000,0.993329,1.000000,658,824,0.798544,0.769801,0.824516,0.224966,false
-2.061206,572,572,1.000000,0.993329,1.000000,657,824,0.797330,0.768532,0.823369,0.226487,false
-2.060690,572,572,1.000000,0.993329,1.000000,656,824,0.796117,0.767264,0.822221,0.228010,false
-2.060136,572,572,1.000000,0.993329,1.000000,655,824,0.794903,0.765995,0.821073,0.229535,false
-2.059152,572,572,1.000000,0.993329,1.000000,654,824,0.793689,0.764728,0.819925,0.231063,false
-2.055506,572,572,1.000000,0.993329,1.000000,653,824,0.792476,0.763460,0.818777,0.232593,false
-2.048149,572,572,1.000000,0.993329,1.000000,652,824,0.791262,0.762193,0.817628,0.234126,false
-2.042973,572,572,1.000000,0.993329,1.000000,651,824,0.790049,0.760927,0.816479,0.235661,false
-2.041371,572,572,1.000000,0.993329,1.000000,650,824,0.788835,0.759660,0.815329,0.237198,false
-2.040757,572,572,1.000000,0.993329,1.000000,649,824,0.787621,0.758394,0.814179,0.238738,false
-2.038875,572,572,1.000000,0.993329,1.000000,648,824,0.786408,0.757129,0.813029,0.240280,false
-2.036422,572,572,1.000000,0.993329,1.000000,647,824,0.785194,0.755863,0.811878,0.241824,false
-2.035736,572,572,1.000000,0.993329,1.000000,646,824,0.783981,0.754599,0.810727,0.243371,false
-2.035057,572,572,1.000000,0.993329,1.000000,645,824,0.782767,0.753334,0.809576,0.244920,false
-2.031135,572,572,1.000000,0.993329,1.000000,644,824,0.781553,0.752070,0.808424,0.246472,false
-2.030915,572,572,1.000000,0.993329,1.000000,643,824,0.780340,0.750806,0.807272,0.248026,false
-2.029923,572,572,1.000000,0.993329,1.000000,642,824,0.779126,0.749543,0.806119,0.249582,false
-2.029565,572,572,1.000000,0.993329,1.000000,641,824,0.777913,0.748280,0.804966,0.251141,false
-2.024547,572,572,1.000000,0.993329,1.000000,640,824,0.776699,0.747017,0.803813,0.252702,false
-2.023735,572,572,1.000000,0.993329,1.000000,639,824,0.775485,0.745754,0.802660,0.254266,false
-2.018739,572,572,1.000000,0.993329,1.000000,638,824,0.774272,0.744492,0.801506,0.255832,false
-2.015639,572,572,1.000000,0.993329,1.000000,637,824,0.773058,0.743231,0.800352,0.257401,false
-2.013942,572,572,1.000000,0.993329,1.000000,636,824,0.771845,0.741969,0.799197,0.258972,false
-2.010987,572,572,1.000000,0.993329,1.000000,635,824,0.770631,0.740708,0.798042,0.260546,false
-2.002919,572,572,1.000000,0.993329,1.000000,634,824,0.769417,0.739448,0.796887,0.262122,false
-2.001177,572,572,1.000000,0.993329,1.000000,633,824,0.768204,0.738187,0.795731,0.263700,false
-1.997764,572,572,1.000000,0.993329,1.000000,632,824,0.766990,0.736927,0.794576,0.265281,false
-1.993289,572,572,1.000000,0.993329,1.000000,631,824,0.765777,0.735667,0.793419,0.266865,false
-1.992548,572,572,1.000000,0.993329,1.000000,630,824,0.764563,0.734408,0.792263,0.268451,false
-1.992406,572,572,1.000000,0.993329,1.000000,629,824,0.763350,0.733149,0.791106,0.270039,false
-1.992255,572,572,1.000000,0.993329,1.000000,628,824,0.762136,0.731890,0.789949,0.271630,false
-1.991175,572,572,1.000000,0.993329,1.000000,627,824,0.760922,0.730632,0.788791,0.273224,false
-1.989248,572,572,1.000000,0.993329,1.000000,626,824,0.759709,0.729374,0.787634,0.274820,false
-1.988503,572,572,1.000000,0.993329,1.000000,625,824,0.758495,0.728116,0.786475,0.276419,false
-1.988149,572,572,1.000000,0.993329,1.000000,624,824,0.757282,0.726858,0.785317,0.278020,false
-1.981496,572,572,1.000000,0.993329,1.000000,623,824,0.756068,0.725601,0.784158,0.279624,false
-1.978504,572,572,1.000000,0.993329,1.000000,622,824,0.754854,0.724344,0.782999,0.281230,false
-1.977115,572,572,1.000000,0.993329,1.000000,621,824,0.753641,0.723088,0.781840,0.282839,false
-1.974833,572,572,1.000000,0.993329,1.000000,620,824,0.752427,0.721832,0.780680,0.284451,false
-1.974558,572,572,1.000000,0.993329,1.000000,619,824,0.751214,0.720576,0.779520,0.286065,false
-1.970103,572,572,1.000000,0.993329,1.000000,618,824,0.750000,0.719320,0.778360,0.287682,false
-1.969386,572,572,1.000000,0.993329,1.000000,617,824,0.748786,0.718065,0.777199,0.289302,false
-1.960408,572,572,1.000000,0.993329,1.000000,616,824,0.747573,0.716810,0.776038,0.290924,false
-1.956742,572,572,1.000000,0.993329,1.000000,615,824,0.746359,0.715555,0.774877,0.292548,false
-1.953875,572,572,1.000000,0.993329,1.000000,614,824,0.745146,0.714301,0.773715,0.294176,false
-1.951205,572,572,1.000000,0.993329,1.000000,613,824,0.743932,0.713047,0.772553,0.295806,false
-1.950232,572,572,1.000000,0.993329,1.000000,612,824,0.742718,0.711793,0.771391,0.297438,false
-1.949567,572,572,1.000000,0.993329,1.000000,611,824,0.741505,0.710540,0.770229,0.299074,false
-1.946047,572,572,1.000000,0.993329,1.000000,610,824,0.740291,0.709287,0.769066,0.300712,false
-1.944857,572,572,1.000000,0.993329,1.000000,609,824,0.739078,0.708034,0.767903,0.302352,false
-1.943515,572,572,1.000000,0.993329,1.000000,608,824,0.737864,0.706781,0.766740,0.303996,false
-1.939344,572,572,1.000000,0.993329,1.000000,607,824,0.736650,0.705529,0.765576,0.305642,false
-1.939319,572,572,1.000000,0.993329,1.000000,605,824,0.734223,0.703025,0.763248,0.308942,false
-1.935655,572,572,1.000000,0.993329,1.000000,604,824,0.733010,0.701774,0.762083,0.310596,false
-1.935625,572,572,1.000000,0.993329,1.000000,603,824,0.731796,0.700523,0.760918,0.312253,false
-1.929390,572,572,1.000000,0.993329,1.000000,602,824,0.730583,0.699272,0.759753,0.313913,false
-1.928579,572,572,1.000000,0.993329,1.000000,601,824,0.729369,0.698021,0.758588,0.315576,false
-1.928330,572,572,1.000000,0.993329,1.000000,600,824,0.728155,0.696771,0.757422,0.317241,false
-1.922839,572,572,1.000000,0.993329,1.000000,599,824,0.726942,0.695521,0.756256,0.318909,false
-1.922189,572,572,1.000000,0.993329,1.000000,598,824,0.725728,0.694271,0.755090,0.320580,false
-1.921563,572,572,1.000000,0.993329,1.000000,597,824,0.724515,0.693022,0.753924,0.322253,false
-1.915033,572,572,1.000000,0.993329,1.000000,596,824,0.723301,0.691773,0.752757,0.323930,false
-1.914930,572,572,1.000000,0.993329,1.000000,595,824,0.722087,0.690524,0.751590,0.325609,false
-1.910278,572,572,1.000000,0.993329,1.000000,594,824,0.720874,0.689275,0.750423,0.327291,false
-1.909554,572,572,1.000000,0.993329,1.000000,593,824,0.719660,0.688027,0.749255,0.328976,false
-1.907096,572,572,1.000000,0.993329,1.000000,592,824,0.718447,0.686779,0.748087,0.330664,false
-1.902801,572,572,1.000000,0.993329,1.000000,591,824,0.717233,0.685531,0.746919,0.332355,false
-1.900890,572,572,1.000000,0.993329,1.000000,590,824,0.716019,0.684283,0.745751,0.334048,false
-1.900108,572,572,1.000000,0.993329,1.000000,589,824,0.714806,0.683036,0.744582,0.335744,false
-1.899434,572,572,1.000000,0.993329,1.000000,588,824,0.713592,0.681789,0.743413,0.337444,false
-1.897560,572,572,1.000000,0.993329,1.000000,587,824,0.712379,0.680543,0.742244,0.339146,false
-1.896125,572,572,1.000000,0.993329,1.000000,586,824,0.711165,0.679296,0.741074,0.340851,false
-1.895801,572,572,1.000000,0.993329,1.000000,585,824,0.709951,0.678050,0.739904,0.342559,false
-1.895693,572,572,1.000000,0.993329,1.000000,584,824,0.708738,0.676804,0.738734,0.344270,false
-1.895022,572,572,1.000000,0.993329,1.000000,583,824,0.707524,0.675559,0.737564,0.345983,false
-1.894473,572,572,1.000000,0.993329,1.000000,582,824,0.706311,0.674313,0.736393,0.347700,false
-1.894213,572,572,1.000000,0.993329,1.000000,581,824,0.705097,0.673068,0.735223,0.349420,false
-1.892237,572,572,1.000000,0.993329,1.000000,580,824,0.703883,0.671823,0.734051,0.351142,false
-1.892214,572,572,1.000000,0.993329,1.000000,579,824,0.702670,0.670579,0.732880,0.352868,false
-1.891849,572,572,1.000000,0.993329,1.000000,578,824,0.701456,0.669334,0.731709,0.354597,false
-1.890680,572,572,1.000000,0.993329,1.000000,577,824,0.700243,0.668090,0.730537,0.356328,false
-1.887982,572,572,1.000000,0.993329,1.000000,576,824,0.699029,0.666847,0.729364,0.358063,false
-1.886311,572,572,1.000000,0.993329,1.000000,575,824,0.697816,0.665603,0.728192,0.359800,false
-1.885626,572,572,1.000000,0.993329,1.000000,574,824,0.696602,0.664360,0.727019,0.361541,false
-1.885152,572,572,1.000000,0.993329,1.000000,573,824,0.695388,0.663117,0.725847,0.363285,false
-1.885039,572,572,1.000000,0.993329,1.000000,572,824,0.694175,0.661874,0.724673,0.365032,false
-1.883650,572,572,1.000000,0.993329,1.000000,571,824,0.692961,0.660632,0.723500,0.366781,false
-1.883647,572,572,1.000000,0.993329,1.000000,570,824,0.691748,0.659389,0.722326,0.368534,false
-1.879689,572,572,1.000000,0.993329,1.000000,569,824,0.690534,0.658147,0.721152,0.370290,false
-1.877397,572,572,1.000000,0.993329,1.000000,568,824,0.689320,0.656906,0.719978,0.372049,false
-1.877166,572,572,1.000000,0.993329,1.000000,567,824,0.688107,0.655664,0.718804,0.373811,false
-1.871670,572,572,1.000000,0.993329,1.000000,566,824,0.686893,0.654423,0.717629,0.375576,false
-1.866160,572,572,1.000000,0.993329,1.000000,565,824,0.685680,0.653182,0.716454,0.377345,false
-1.865808,572,572,1.000000,0.993329,1.000000,564,824,0.684466,0.651941,0.715279,0.379116,false
-1.864016,572,572,1.000000,0.993329,1.000000,563,824,0.683252,0.650701,0.714103,0.380891,false
-1.863988,572,572,1.000000,0.993329,1.000000,561,824,0.680825,0.648220,0.711752,0.384450,false
-1.862395,572,572,1.000000,0.993329,1.000000,560,824,0.679612,0.646981,0.710576,0.386234,false
-1.861498,572,572,1.000000,0.993329,1.000000,559,824,0.678398,0.645741,0.709399,0.388021,false
-1.861280,572,572,1.000000,0.993329,1.000000,558,824,0.677184,0.644502,0.708223,0.389812,false
-1.857032,572,572,1.000000,0.993329,1.000000,556,824,0.674757,0.642024,0.705869,0.393402,false
-1.856445,572,572,1.000000,0.993329,1.000000,555,824,0.673544,0.640786,0.704691,0.395202,false
-1.854899,572,572,1.000000,0.993329,1.000000,554,824,0.672330,0.639547,0.703513,0.397006,false
-1.851871,572,572,1.000000,0.993329,1.000000,553,824,0.671117,0.638309,0.702336,0.398813,false
-1.851603,572,572,1.000000,0.993329,1.000000,552,824,0.669903,0.637072,0.701157,0.400622,false
-1.850690,572,572,1.000000,0.993329,1.000000,551,824,0.668689,0.635834,0.699979,0.402436,false
-1.850345,572,572,1.000000,0.993329,1.000000,550,824,0.667476,0.634597,0.698801,0.404252,false
-1.847964,572,572,1.000000,0.993329,1.000000,549,824,0.666262,0.633360,0.697622,0.406072,false
-1.846609,572,572,1.000000,0.993329,1.000000,548,824,0.665049,0.632123,0.696443,0.407895,false
-1.843741,572,572,1.000000,0.993329,1.000000,547,824,0.663835,0.630886,0.695263,0.409722,false
-1.843502,572,572,1.000000,0.993329,1.000000,546,824,0.662621,0.629650,0.694084,0.411552,false
-1.843483,572,572,1.000000,0.993329,1.000000,545,824,0.661408,0.628414,0.692904,0.413385,false
-1.842701,572,572,1.000000,0.993329,1.000000,544,824,0.660194,0.627178,0.691724,0.415221,false
-1.842372,572,572,1.000000,0.993329,1.000000,543,824,0.658981,0.625942,0.690544,0.417061,false
-1.841638,572,572,1.000000,0.993329,1.000000,542,824,0.657767,0.624707,0.689363,0.418905,false
-1.840894,572,572,1.000000,0.993329,1.000000,541,824,0.656553,0.623471,0.688182,0.420751,false
-1.838250,572,572,1.000000,0.993329,1.000000,540,824,0.655340,0.622236,0.687002,0.422601,false
-1.838016,572,572,1.000000,0.993329,1.000000,539,824,0.654126,0.621002,0.685820,0.424455,false
-1.833432,572,572,1.000000,0.993329,1.000000,538,824,0.652913,0.619767,0.684639,0.426312,false
-1.831511,572,572,1.000000,0.993329,1.000000,537,824,0.651699,0.618533,0.683457,0.428172,false
-1.830670,572,572,1.000000,0.993329,1.000000,536,824,0.650485,0.617299,0.682275,0.430036,false
-1.827573,572,572,1.000000,0.993329,1.000000,535,824,0.649272,0.616065,0.681093,0.431904,false
-1.824887,572,572,1.000000,0.993329,1.000000,534,824,0.648058,0.614831,0.679911,0.433775,false
-1.824294,572,572,1.000000,0.993329,1.000000,533,824,0.646845,0.613598,0.678728,0.435649,false
-1.823650,572,572,1.000000,0.993329,1.000000,532,824,0.645631,0.612365,0.677546,0.437527,false
-1.820856,572,572,1.000000,0.993329,1.000000,531,824,0.644417,0.611132,0.676363,0.439409,false
-1.820630,572,572,1.000000,0.993329,1.000000,530,824,0.643204,0.609899,0.675179,0.441294,false
-1.817910,572,572,1.000000,0.993329,1.000000,529,824,0.641990,0.608667,0.673996,0.443182,false
-1.811914,572,572,1.000000,0.993329,1.000000,528,824,0.640777,0.607435,0.672812,0.445074,false
-1.807664,572,572,1.000000,0.993329,1.000000,527,824,0.639563,0.606203,0.671628,0.446970,false
-1.807124,572,572,1.000000,0.993329,1.000000,526,824,0.638350,0.604971,0.670444,0.448869,false
-1.806593,572,572,1.000000,0.993329,1.000000,525,824,0.637136,0.603740,0.669260,0.450772,false
-1.802852,572,572,1.000000,0.993329,1.000000,524,824,0.635922,0.602508,0.668075,0.452679,false
-1.797943,572,572,1.000000,0.993329,1.000000,523,824,0.634709,0.601277,0.666890,0.454589,false
-1.795284,572,572,1.000000,0.993329,1.000000,522,824,0.633495,0.600046,0.665705,0.456503,false
-1.795152,572,572,1.000000,0.993329,1.000000,521,824,0.632282,0.598816,0.664520,0.458420,false
-1.794692,572,572,1.000000,0.993329,1.000000,520,824,0.631068,0.597585,0.663334,0.460342,false
-1.791078,572,572,1.000000,0.993329,1.000000,519,824,0.629854,0.596355,0.662149,0.462267,false
-1.788915,572,572,1.000000,0.993329,1.000000,518,824,0.628641,0.595125,0.660963,0.464195,false
-1.785334,572,572,1.000000,0.993329,1.000000,517,824,0.627427,0.593895,0.659776,0.466128,false
-1.782956,572,572,1.000000,0.993329,1.000000,516,824,0.626214,0.592666,0.658590,0.468064,false
-1.781417,572,572,1.000000,0.993329,1.000000,515,824,0.625000,0.591436,0.657404,0.470004,false
-1.776931,572,572,1.000000,0.993329,1.000000,514,824,0.623786,0.590207,0.656217,0.471947,false
-1.771613,572,572,1.000000,0.993329,1.000000,513,824,0.622573,0.588978,0.655030,0.473895,false
-1.770773,572,572,1.000000,0.993329,1.000000,512,824,0.621359,0.587750,0.653842,0.475846,false
-1.770733,572,572,1.000000,0.993329,1.000000,511,824,0.620146,0.586521,0.652655,0.477801,false
-1.770118,572,572,1.000000,0.993329,1.000000,510,824,0.618932,0.585293,0.651467,0.479760,false
-1.766864,572,572,1.000000,0.993329,1.000000,509,824,0.617718,0.584065,0.650279,0.481723,false
-1.763160,572,572,1.000000,0.993329,1.000000,508,824,0.616505,0.582837,0.649091,0.483689,false
-1.760326,572,572,1.000000,0.993329,1.000000,507,824,0.615291,0.581610,0.647903,0.485660,false
-1.755979,572,572,1.000000,0.993329,1.000000,506,824,0.614078,0.580382,0.646714,0.487634,false
-1.753398,572,572,1.000000,0.993329,1.000000,505,824,0.612864,0.579155,0.645525,0.489612,false
-1.751760,572,572,1.000000,0.993329,1.000000,504,824,0.611650,0.577928,0.644336,0.491594,false
-1.751640,572,572,1.000000,0.993329,1.000000,503,824,0.610437,0.576702,0.643147,0.493580,false
-1.751374,572,572,1.000000,0.993329,1.000000,502,824,0.609223,0.575475,0.641958,0.495570,false
-1.747918,572,572,1.000000,0.993329,1.000000,501,824,0.608010,0.574249,0.640768,0.497564,false
-1.742820,572,572,1.000000,0.993329,1.000000,500,824,0.606796,0.573023,0.639578,0.499562,false
-1.741756,572,572,1.000000,0.993329,1.000000,499,824,0.605583,0.571797,0.638388,0.501564,false
-1.738633,572,572,1.000000,0.993329,1.000000,498,824,0.604369,0.570571,0.637198,0.503570,false
-1.737970,572,572,1.000000,0.993329,1.000000,497,824,0.603155,0.569346,0.636007,0.505581,false
-1.737333,572,572,1.000000,0.993329,1.000000,496,824,0.601942,0.568121,0.634817,0.507595,false
-1.736553,572,572,1.000000,0.993329,1.000000,495,824,0.600728,0.566896,0.633626,0.509613,false
-1.735431,572,572,1.000000,0.993329,1.000000,494,824,0.599515,0.565671,0.632435,0.511635,false
-1.735333,572,572,1.000000,0.993329,1.000000,493,824,0.598301,0.564446,0.631243,0.513661,false
-1.734235,572,572,1.000000,0.993329,1.000000,492,824,0.597087,0.563222,0.630052,0.515692,false
-1.732712,572,572,1.000000,0.993329,1.000000,491,824,0.595874,0.561998,0.628860,0.517726,false
-1.732604,572,572,1.000000,0.993329,1.000000,490,824,0.594660,0.560774,0.627668,0.519765,false
-1.732561,572,572,1.000000,0.993329,1.000000,489,824,0.593447,0.559550,0.626476,0.521808,false
-1.730726,572,572,1.000000,0.993329,1.000000,488,824,0.592233,0.558327,0.625283,0.523855,false
-1.730400,572,572,1.000000,0.993329,1.000000,487,824,0.591019,0.557104,0.624091,0.525906,false
-1.730306,572,572,1.000000,0.993329,1.000000,486,824,0.589806,0.555880,0.622898,0.527962,false
-1.726362,572,572,1.000000,0.993329,1.000000,485,824,0.588592,0.554658,0.621705,0.530022,false
-1.725307,572,572,1.000000,0.993329,1.000000,484,824,0.587379,0.553435,0.620511,0.532086,false
-1.721620,572,572,1.000000,0.993329,1.000000,483,824,0.586165,0.552212,0.619318,0.534154,false
-1.721517,572,572,1.000000,0.993329,1.000000,482,824,0.584951,0.550990,0.618124,0.536226,false
-1.718094,572,572,1.000000,0.993329,1.000000,481,824,0.583738,0.549768,0.616930,0.538303,false
-1.717193,572,572,1.000000,0.993329,1.000000,480,824,0.582524,0.548546,0.615736,0.540384,false
-1.713772,572,572,1.000000,0.993329,1.000000,479,824,0.581311,0.547325,0.614542,0.542470,false
-1.710247,572,572,1.000000,0.993329,1.000000,478,824,0.580097,0.546103,0.613348,0.544560,false
-1.708190,572,572,1.000000,0.993329,1.000000,477,824,0.578883,0.544882,0.612153,0.546654,false
-1.707453,572,572,1.000000,0.993329,1.000000,476,824,0.577670,0.543661,0.610958,0.548753,false
-1.706323,572,572,1.000000,0.993329,1.000000,475,824,0.576456,0.542440,0.609763,0.550856,false
-1.706001,572,572,1.000000,0.993329,1.000000,474,824,0.575243,0.541220,0.608567,0.552963,false
-1.705694,572,572,1.000000,0.993329,1.000000,473,824,0.574029,0.539999,0.607372,0.555075,false
-1.703594,572,572,1.000000,0.993329,1.000000,472,824,0.572816,0.538779,0.606176,0.557192,false
-1.703080,572,572,1.000000,0.993329,1.000000,471,824,0.571602,0.537559,0.604980,0.559312,false
-1.702085,572,572,1.000000,0.993329,1.000000,470,824,0.570388,0.536339,0.603784,0.561438,false
-1.702073,572,572,1.000000,0.993329,1.000000,469,824,0.569175,0.535120,0.602588,0.563568,false
-1.696937,572,572,1.000000,0.993329,1.000000,468,824,0.567961,0.533900,0.601391,0.565702,false
-1.693309,572,572,1.000000,0.993329,1.000000,467,824,0.566748,0.532681,0.600194,0.567841,false
-1.692812,572,572,1.000000,0.993329,1.000000,466,824,0.565534,0.531462,0.598997,0.569985,false
-1.689074,572,572,1.000000,0.993329,1.000000,465,824,0.564320,0.530244,0.597800,0.572133,false
-1.685443,572,572,1.000000,0.993329,1.000000,464,824,0.563107,0.529025,0.596603,0.574286,false
-1.684993,572,572,1.000000,0.993329,1.000000,463,824,0.561893,0.527807,0.595405,0.576443,false
-1.676537,572,572,1.000000,0.993329,1.000000,462,824,0.560680,0.526589,0.594207,0.578606,false
-1.674307,572,572,1.000000,0.993329,1.000000,461,824,0.559466,0.525371,0.593009,0.580772,false
-1.671063,572,572,1.000000,0.993329,1.000000,460,824,0.558252,0.524153,0.591811,0.582944,false
-1.666908,572,572,1.000000,0.993329,1.000000,459,824,0.557039,0.522935,0.590613,0.585120,false
-1.666499,572,572,1.000000,0.993329,1.000000,458,824,0.555825,0.521718,0.589414,0.587301,false
-1.665460,572,572,1.000000,0.993329,1.000000,457,824,0.554612,0.520501,0.588215,0.589487,false
-1.664400,572,572,1.000000,0.993329,1.000000,456,824,0.553398,0.519284,0.587016,0.591678,false
-1.663678,572,572,1.000000,0.993329,1.000000,455,824,0.552184,0.518067,0.585817,0.593873,false
-1.657143,572,572,1.000000,0.993329,1.000000,454,824,0.550971,0.516851,0.584618,0.596073,false
-1.656766,572,572,1.000000,0.993329,1.000000,453,824,0.549757,0.515635,0.583418,0.598278,false
-1.656737,572,572,1.000000,0.993329,1.000000,452,824,0.548544,0.514419,0.582218,0.600488,false
-1.656607,572,572,1.000000,0.993329,1.000000,451,824,0.547330,0.513203,0.581018,0.602703,false
-1.654670,572,572,1.000000,0.993329,1.000000,450,824,0.546117,0.511987,0.579818,0.604923,false
-1.650572,572,572,1.000000,0.993329,1.000000,449,824,0.544903,0.510772,0.578618,0.607148,false
-1.649882,572,572,1.000000,0.993329,1.000000,448,824,0.543689,0.509556,0.577417,0.609377,false
-1.648428,572,572,1.000000,0.993329,1.000000,447,824,0.542476,0.508341,0.576216,0.611612,false
-1.648004,572,572,1.000000,0.993329,1.000000,446,824,0.541262,0.507126,0.575015,0.613852,false
-1.643830,572,572,1.000000,0.993329,1.000000,445,824,0.540049,0.505912,0.573814,0.616096,false
-1.643047,572,572,1.000000,0.993329,1.000000,444,824,0.538835,0.504697,0.572612,0.618346,false
-1.642601,572,572,1.000000,0.993329,1.000000,443,824,0.537621,0.503483,0.571411,0.620601,false
-1.638623,572,572,1.000000,0.993329,1.000000,442,824,0.536408,0.502269,0.570209,0.622861,false
-1.636220,572,572,1.000000,0.993329,1.000000,440,824,0.533981,0.499841,0.567805,0.627396,false
-1.633898,572,572,1.000000,0.993329,1.000000,439,824,0.532767,0.498628,0.566602,0.629671,false
-1.631518,572,572,1.000000,0.993329,1.000000,438,824,0.531553,0.497415,0.565399,0.631952,false
-1.629554,572,572,1.000000,0.993329,1.000000,437,824,0.530340,0.496202,0.564197,0.634237,false
-1.628390,572,572,1.000000,0.993329,1.000000,436,824,0.529126,0.494989,0.562993,0.636528,false
-1.627315,572,572,1.000000,0.993329,1.000000,435,824,0.527913,0.493776,0.561790,0.638824,false
-1.626764,572,572,1.000000,0.993329,1.000000,434,824,0.526699,0.492564,0.560587,0.641126,false
-1.626361,572,572,1.000000,0.993329,1.000000,433,824,0.525485,0.491351,0.559383,0.643433,false
-1.623771,572,572,1.000000,0.993329,1.000000,432,824,0.524272,0.490139,0.558179,0.645745,false
-1.621431,572,572,1.000000,0.993329,1.000000,431,824,0.523058,0.488927,0.556975,0.648062,false
-1.614458,572,572,1.000000,0.993329,1.000000,430,824,0.521845,0.487716,0.555771,0.650385,false
-1.614103,572,572,1.000000,0.993329,1.000000,429,824,0.520631,0.486504,0.554566,0.652714,false
-1.613668,572,572,1.000000,0.993329,1.000000,428,824,0.519417,0.485293,0.553362,0.655047,false
-1.611538,572,572,1.000000,0.993329,1.000000,427,824,0.518204,0.484082,0.552157,0.657387,false
-1.609586,572,572,1.000000,0.993329,1.000000,426,824,0.516990,0.482871,0.550952,0.659731,false
-1.608576,572,572,1.000000,0.993329,1.000000,425,824,0.515777,0.481660,0.549747,0.662081,false
-1.603498,572,572,1.000000,0.993329,1.000000,424,824,0.514563,0.480450,0.548541,0.664437,false
-1.601087,572,572,1.000000,0.993329,1.000000,423,824,0.513350,0.479240,0.547335,0.666798,false
-1.599095,572,572,1.000000,0.993329,1.000000,422,824,0.512136,0.478030,0.546130,0.669165,false
-1.599089,572,572,1.000000,0.993329,1.000000,421,824,0.510922,0.476820,0.544924,0.671538,false
-1.598609,572,572,1.000000,0.993329,1.000000,420,824,0.509709,0.475610,0.543717,0.673916,false
-1.596355,572,572,1.000000,0.993329,1.000000,419,824,0.508495,0.474401,0.542511,0.676300,false
-1.593706,572,572,1.000000,0.993329,1.000000,418,824,0.507282,0.473191,0.541304,0.678689,false
-1.592265,572,572,1.000000,0.993329,1.000000,417,824,0.506068,0.471982,0.540097,0.681084,false
-1.587078,572,572,1.000000,0.993329,1.000000,416,824,0.504854,0.470773,0.538890,0.683485,false
-1.585543,572,572,1.000000,0.993329,1.000000,415,824,0.503641,0.469565,0.537683,0.685892,false
-1.578343,572,572,1.000000,0.993329,1.000000,414,824,0.502427,0.468356,0.536476,0.688305,false
-1.577677,572,572,1.000000,0.993329,1.000000,413,824,0.501214,0.467148,0.535268,0.690723,false
-1.576618,572,572,1.000000,0.993329,1.000000,412,824,0.500000,0.465940,0.534060,0.693147,false
-1.572354,572,572,1.000000,0.993329,1.000000,411,824,0.498786,0.464732,0.532852,0.695577,false
-1.568612,572,572,1.000000,0.993329,1.000000,410,824,0.497573,0.463524,0.531644,0.698013,false
-1.568413,572,572,1.000000,0.993329,1.000000,409,824,0.496359,0.462317,0.530435,0.700455,false
-1.567596,572,572,1.000000,0.993329,1.000000,408,824,0.495146,0.461110,0.529227,0.702903,false
-1.562542,572,572,1.000000,0.993329,1.000000,407,824,0.493932,0.459903,0.528018,0.705357,false
-1.560219,572,572,1.000000,0.993329,1.000000,406,824,0.492718,0.458696,0.526809,0.707817,false
-1.552879,572,572,1.000000,0.993329,1.000000,405,824,0.491505,0.457489,0.525599,0.710283,false
-1.549407,572,572,1.000000,0.993329,1.000000,404,824,0.490291,0.456283,0.524390,0.712756,false
-1.546392,572,572,1.000000,0.993329,1.000000,403,824,0.489078,0.455076,0.523180,0.715234,false
-1.543488,572,572,1.000000,0.993329,1.000000,402,824,0.487864,0.453870,0.521970,0.717718,false
-1.542310,572,572,1.000000,0.993329,1.000000,401,824,0.486650,0.452665,0.520760,0.720209,false
-1.541772,572,572,1.000000,0.993329,1.000000,400,824,0.485437,0.451459,0.519550,0.722706,false
-1.541482,572,572,1.000000,0.993329,1.000000,399,824,0.484223,0.450253,0.518340,0.725209,false
-1.539316,572,572,1.000000,0.993329,1.000000,398,824,0.483010,0.449048,0.517129,0.727719,false
-1.535594,572,572,1.000000,0.993329,1.000000,396,824,0.480583,0.446638,0.514707,0.732756,false
-1.534916,572,572,1.000000,0.993329,1.000000,395,824,0.479369,0.445434,0.513496,0.735285,false
-1.532459,572,572,1.000000,0.993329,1.000000,394,824,0.478155,0.444229,0.512284,0.737820,false
-1.529565,572,572,1.000000,0.993329,1.000000,393,824,0.476942,0.443025,0.511073,0.740361,false
-1.528749,572,572,1.000000,0.993329,1.000000,392,824,0.475728,0.441821,0.509861,0.742909,false
-1.526254,572,572,1.000000,0.993329,1.000000,391,824,0.474515,0.440617,0.508649,0.745463,false
-1.525612,572,572,1.000000,0.993329,1.000000,390,824,0.473301,0.439413,0.507436,0.748024,false
-1.525493,572,572,1.000000,0.993329,1.000000,389,824,0.472087,0.438210,0.506224,0.750591,false
-1.524174,572,572,1.000000,0.993329,1.000000,388,824,0.470874,0.437007,0.505011,0.753165,false
-1.523009,572,572,1.000000,0.993329,1.000000,387,824,0.469660,0.435803,0.503798,0.755746,false
-1.522653,572,572,1.000000,0.993329,1.000000,386,824,0.468447,0.434601,0.502585,0.758333,false
-1.519799,572,572,1.000000,0.993329,1.000000,385,824,0.467233,0.433398,0.501372,0.760927,false
-1.518452,572,572,1.000000,0.993329,1.000000,384,824,0.466019,0.432195,0.500159,0.763528,false
-1.513641,572,572,1.000000,0.993329,1.000000,383,824,0.464806,0.430993,0.498945,0.766136,false
-1.512106,572,572,1.000000,0.993329,1.000000,382,824,0.463592,0.429791,0.497731,0.768750,false
-1.511317,572,572,1.000000,0.993329,1.000000,381,824,0.462379,0.428589,0.496517,0.771371,false
-1.508811,572,572,1.000000,0.993329,1.000000,380,824,0.461165,0.427388,0.495303,0.773999,false
-1.501005,572,572,1.000000,0.993329,1.000000,379,824,0.459951,0.426186,0.494088,0.776634,false
-1.498553,572,572,1.000000,0.993329,1.000000,378,824,0.458738,0.424985,0.492874,0.779276,false
-1.497802,572,572,1.000000,0.993329,1.000000,377,824,0.457524,0.423784,0.491659,0.781925,false
-1.496875,572,572,1.000000,0.993329,1.000000,376,824,0.456311,0.422583,0.490444,0.784581,false
-1.496663,572,572,1.000000,0.993329,1.000000,375,824,0.455097,0.421382,0.489228,0.787245,false
-1.494185,572,572,1.000000,0.993329,1.000000,374,824,0.453883,0.420182,0.488013,0.789915,false
-1.493192,572,572,1.000000,0.993329,1.000000,373,824,0.452670,0.418982,0.486797,0.792592,false
-1.492373,572,572,1.000000,0.993329,1.000000,372,824,0.451456,0.417782,0.485581,0.795277,false
-1.490238,572,572,1.000000,0.993329,1.000000,371,824,0.450243,0.416582,0.484365,0.797968,false
-1.488318,572,572,1.000000,0.993329,1.000000,370,824,0.449029,0.415382,0.483149,0.800668,false
-1.486729,572,572,1.000000,0.993329,1.000000,369,824,0.447816,0.414183,0.481933,0.803374,false
-1.485385,572,572,1.000000,0.993329,1.000000,368,824,0.446602,0.412984,0.480716,0.806088,false
-1.474680,572,572,1.000000,0.993329,1.000000,367,824,0.445388,0.411785,0.479499,0.808809,false
-1.474465,572,572,1.000000,0.993329,1.000000,366,824,0.444175,0.410586,0.478282,0.811537,false
-1.473891,572,572,1.000000,0.993329,1.000000,365,824,0.442961,0.409387,0.477065,0.814273,false
-1.472761,572,572,1.000000,0.993329,1.000000,364,824,0.441748,0.408189,0.475847,0.817017,false
-1.472670,572,572,1.000000,0.993329,1.000000,363,824,0.440534,0.406991,0.474629,0.819768,false
-1.468425,572,572,1.000000,0.993329,1.000000,362,824,0.439320,0.405793,0.473411,0.822526,false
-1.466859,572,572,1.000000,0.993329,1.000000,361,824,0.438107,0.404595,0.472193,0.825293,false
-1.465469,572,572,1.000000,0.993329,1.000000,360,824,0.436893,0.403397,0.470975,0.828066,false
-1.465235,572,572,1.000000,0.993329,1.000000,359,824,0.435680,0.402200,0.469756,0.830848,false
-1.463140,572,572,1.000000,0.993329,1.000000,358,824,0.434466,0.401003,0.468538,0.833638,false
-1.459765,572,572,1.000000,0.993329,1.000000,357,824,0.433252,0.399806,0.467319,0.836435,false
-1.459023,572,572,1.000000,0.993329,1.000000,356,824,0.432039,0.398609,0.466100,0.839240,false
-1.458927,572,572,1.000000,0.993329,1.000000,355,824,0.430825,0.397412,0.464880,0.842053,false
-1.458802,572,572,1.000000,0.993329,1.000000,354,824,0.429612,0.396216,0.463661,0.844874,false
-1.456384,572,572,1.000000,0.993329,1.000000,353,824,0.428398,0.395020,0.462441,0.847702,false
-1.447361,572,572,1.000000,0.993329,1.000000,352,824,0.427184,0.393824,0.461221,0.850539,false
-1.446989,572,572,1.000000,0.993329,1.000000,351,824,0.425971,0.392628,0.460001,0.853384,false
-1.444524,572,572,1.000000,0.993329,1.000000,350,824,0.424757,0.391433,0.458780,0.856237,false
-1.442177,572,572,1.000000,0.993329,1.000000,349,824,0.423544,0.390237,0.457560,0.859099,false
-1.441451,572,572,1.000000,0.993329,1.000000,348,824,0.422330,0.389042,0.456339,0.861968,false
-1.435844,572,572,1.000000,0.993329,1.000000,347,824,0.421117,0.387847,0.455118,0.864846,false
-1.433502,572,572,1.000000,0.993329,1.000000,346,824,0.419903,0.386652,0.453897,0.867732,false
-1.424920,572,572,1.000000,0.993329,1.000000,345,824,0.418689,0.385458,0.452675,0.870626,false
-1.423877,572,572,1.000000,0.993329,1.000000,344,824,0.417476,0.384264,0.451454,0.873529,false
-1.423668,572,572,1.000000,0.993329,1.000000,343,824,0.416262,0.383070,0.450232,0.876440,false
-1.422494,572,572,1.000000,0.993329,1.000000,342,824,0.415049,0.381876,0.449010,0.879360,false
-1.421384,572,572,1.000000,0.993329,1.000000,341,824,0.413835,0.380682,0.447788,0.882288,false
-1.419918,572,572,1.000000,0.993329,1.000000,340,824,0.412621,0.379489,0.446565,0.885225,false
-1.415053,572,572,1.000000,0.993329,1.000000,339,824,0.411408,0.378295,0.445342,0.888170,false
-1.413583,572,572,1.000000,0.993329,1.000000,338,824,0.410194,0.377102,0.444120,0.891125,false
-1.411171,572,572,1.000000,0.993329,1.000000,337,824,0.408981,0.375909,0.442896,0.894088,false
-1.407710,572,572,1.000000,0.993329,1.000000,336,824,0.407767,0.374717,0.441673,0.897059,false
-1.402175,572,572,1.000000,0.993329,1.000000,335,824,0.406553,0.373524,0.440450,0.900040,false
-1.399971,572,572,1.000000,0.993329,1.000000,334,824,0.405340,0.372332,0.439226,0.903030,false
-1.399954,572,572,1.000000,0.993329,1.000000,333,824,0.404126,0.371140,0.438002,0.906028,false
-1.399862,572,572,1.000000,0.993329,1.000000,332,824,0.402913,0.369948,0.436778,0.909036,false
-1.392281,572,572,1.000000,0.993329,1.000000,331,824,0.401699,0.368757,0.435554,0.912052,false
-1.391601,572,572,1.000000,0.993329,1.000000,330,824,0.400485,0.367565,0.434329,0.915078,false
-1.391568,572,572,1.000000,0.993329,1.000000,329,824,0.399272,0.366374,0.433104,0.918113,false
-1.388473,572,572,1.000000,0.993329,1.000000,328,824,0.398058,0.365183,0.431879,0.921157,false
-1.385443,572,572,1.000000,0.993329,1.000000,327,824,0.396845,0.363993,0.430654,0.924210,false
-1.384244,572,572,1.000000,0.993329,1.000000,326,824,0.395631,0.362802,0.429429,0.927273,false
-1.381710,572,572,1.000000,0.993329,1.000000,325,824,0.394417,0.361612,0.428203,0.930345,false
-1.381103,572,572,1.000000,0.993329,1.000000,324,824,0.393204,0.360422,0.426977,0.933427,false
-1.374823,572,572,1.000000,0.993329,1.000000,323,824,0.391990,0.359232,0.425751,0.936518,false
-1.373782,572,572,1.000000,0.993329,1.000000,322,824,0.390777,0.358042,0.424525,0.939619,false
-1.372147,572,572,1.000000,0.993329,1.000000,321,824,0.389563,0.356853,0.423298,0.942729,false
-1.365704,572,572,1.000000,0.993329,1.000000,320,824,0.388350,0.355664,0.422072,0.945850,false
-1.365639,572,572,1.000000,0.993329,1.000000,319,824,0.387136,0.354475,0.420845,0.948979,false
-1.364404,572,572,1.000000,0.993329,1.000000,318,824,0.385922,0.353286,0.419618,0.952119,false
-1.363690,572,572,1.000000,0.993329,1.000000,317,824,0.384709,0.352097,0.418390,0.955269,false
-1.359389,572,572,1.000000,0.993329,1.000000,316,824,0.383495,0.350909,0.417163,0.958428,false
-1.355142,572,572,1.000000,0.993329,1.000000,315,824,0.382282,0.349721,0.415935,0.961598,false
-1.354574,572,572,1.000000,0.993329,1.000000,314,824,0.381068,0.348533,0.414707,0.964778,false
-1.346737,572,572,1.000000,0.993329,1.000000,313,824,0.379854,0.347345,0.413479,0.967967,false
-1.346552,572,572,1.000000,0.993329,1.000000,312,824,0.378641,0.346158,0.412250,0.971167,false
-1.344388,572,572,1.000000,0.993329,1.000000,311,824,0.377427,0.344970,0.411022,0.974378,false
-1.339076,572,572,1.000000,0.993329,1.000000,310,824,0.376214,0.343783,0.409793,0.977598,false
-1.333539,572,572,1.000000,0.993329,1.000000,309,824,0.375000,0.342596,0.408564,0.980829,false
-1.332344,572,572,1.000000,0.993329,1.000000,308,824,0.373786,0.341410,0.407334,0.984071,false
-1.331738,572,572,1.000000,0.993329,1.000000,307,824,0.372573,0.340224,0.406105,0.987323,false
-1.330436,572,572,1.000000,0.993329,1.000000,306,824,0.371359,0.339037,0.404875,0.990585,false
-1.330312,572,572,1.000000,0.993329,1.000000,305,824,0.370146,0.337851,0.403645,0.993859,false
-1.329457,572,572,1.000000,0.993329,1.000000,304,824,0.368932,0.336666,0.402415,0.997143,false
-1.327882,572,572,1.000000,0.993329,1.000000,303,824,0.367718,0.335480,0.401184,1.000438,false
-1.326601,572,572,1.000000,0.993329,1.000000,302,824,0.366505,0.334295,0.399954,1.003744,false
-1.315578,572,572,1.000000,0.993329,1.000000,301,824,0.365291,0.333110,0.398723,1.007060,false
-1.315072,572,572,1.000000,0.993329,1.000000,300,824,0.364078,0.331925,0.397492,1.010388,false
-1.314943,572,572,1.000000,0.993329,1.000000,299,824,0.362864,0.330740,0.396260,1.013727,false
-1.311538,572,572,1.000000,0.993329,1.000000,298,824,0.361650,0.329556,0.395029,1.017077,false
-1.308383,572,572,1.000000,0.993329,1.000000,297,824,0.360437,0.328372,0.393797,1.020438,false
-1.306355,572,572,1.000000,0.993329,1.000000,296,824,0.359223,0.327188,0.392565,1.023811,false
-1.299300,572,572,1.000000,0.993329,1.000000,295,824,0.358010,0.326004,0.391333,1.027195,false
-1.298923,572,572,1.000000,0.993329,1.000000,294,824,0.356796,0.324821,0.390101,1.030591,false
-1.298010,572,572,1.000000,0.993329,1.000000,293,824,0.355583,0.323637,0.388868,1.033998,false
-1.296623,572,572,1.000000,0.993329,1.000000,292,824,0.354369,0.322454,0.387635,1.037417,false
-1.296423,572,572,1.000000,0.993329,1.000000,291,824,0.353155,0.321272,0.386402,1.040847,false
-1.294477,572,572,1.000000,0.993329,1.000000,290,824,0.351942,0.320089,0.385169,1.044290,false
-1.292514,572,572,1.000000,0.993329,1.000000,289,824,0.350728,0.318907,0.383935,1.047744,false
-1.290695,572,572,1.000000,0.993329,1.000000,288,824,0.349515,0.317725,0.382701,1.051210,false
-1.290616,572,572,1.000000,0.993329,1.000000,287,824,0.348301,0.316543,0.381467,1.054688,false
-1.289614,572,572,1.000000,0.993329,1.000000,286,824,0.347087,0.315361,0.380233,1.058179,false
-1.288800,572,572,1.000000,0.993329,1.000000,285,824,0.345874,0.314180,0.378998,1.061681,false
-1.287966,572,572,1.000000,0.993329,1.000000,284,824,0.344660,0.312998,0.377764,1.065196,false
-1.286573,572,572,1.000000,0.993329,1.000000,283,824,0.343447,0.311818,0.376529,1.068724,false
-1.286481,572,572,1.000000,0.993329,1.000000,282,824,0.342233,0.310637,0.375293,1.072263,false
-1.284167,572,572,1.000000,0.993329,1.000000,281,824,0.341019,0.309456,0.374058,1.075816,false
-1.280373,572,572,1.000000,0.993329,1.000000,280,824,0.339806,0.308276,0.372822,1.079381,false
-1.278802,572,572,1.000000,0.993329,1.000000,279,824,0.338592,0.307096,0.371586,1.082959,false
-1.276177,572,572,1.000000,0.993329,1.000000,278,824,0.337379,0.305916,0.370350,1.086549,false
-1.275157,572,572,1.000000,0.993329,1.000000,277,824,0.336165,0.304737,0.369114,1.090153,false
-1.274444,572,572,1.000000,0.993329,1.000000,276,824,0.334951,0.303557,0.367877,1.093770,false
-1.272619,572,572,1.000000,0.993329,1.000000,275,824,0.333738,0.302378,0.366640,1.097399,false
-1.271965,572,572,1.000000,0.993329,1.000000,274,824,0.332524,0.301199,0.365403,1.101042,false
-1.271629,572,572,1.000000,0.993329,1.000000,273,824,0.331311,0.300021,0.364166,1.104699,false
-1.271394,572,572,1.000000,0.993329,1.000000,272,824,0.330097,0.298843,0.362928,1.108368,false
-1.266563,572,572,1.000000,0.993329,1.000000,271,824,0.328883,0.297664,0.361691,1.112052,false
-1.264916,572,572,1.000000,0.993329,1.000000,270,824,0.327670,0.296487,0.360453,1.115749,false
-1.263609,572,572,1.000000,0.993329,1.000000,269,824,0.326456,0.295309,0.359214,1.119459,false
-1.263119,572,572,1.000000,0.993329,1.000000,268,824,0.325243,0.294131,0.357976,1.123184,false
-1.260297,572,572,1.000000,0.993329,1.000000,267,824,0.324029,0.292954,0.356737,1.126922,false
-1.259855,572,572,1.000000,0.993329,1.000000,266,824,0.322816,0.291777,0.355498,1.130674,false
-1.258283,572,572,1.000000,0.993329,1.000000,265,824,0.321602,0.290601,0.354259,1.134441,false
-1.253271,572,572,1.000000,0.993329,1.000000,264,824,0.320388,0.289424,0.353019,1.138221,false
-1.252037,572,572,1.000000,0.993329,1.000000,263,824,0.319175,0.288248,0.351780,1.142016,false
-1.250365,572,572,1.000000,0.993329,1.000000,262,824,0.317961,0.287072,0.350540,1.145826,false
-1.250329,572,572,1.000000,0.993329,1.000000,261,824,0.316748,0.285897,0.349299,1.149650,false
-1.248189,572,572,1.000000,0.993329,1.000000,260,824,0.315534,0.284721,0.348059,1.153489,false
-1.247420,572,572,1.000000,0.993329,1.000000,259,824,0.314320,0.283546,0.346818,1.157342,false
-1.243150,572,572,1.000000,0.993329,1.000000,258,824,0.313107,0.282371,0.345577,1.161211,false
-1.238898,572,572,1.000000,0.993329,1.000000,257,824,0.311893,0.281196,0.344336,1.165094,false
-1.233815,572,572,1.000000,0.993329,1.000000,256,824,0.310680,0.280022,0.343094,1.168993,false
-1.233463,572,572,1.000000,0.993329,1.000000,255,824,0.309466,0.278848,0.341853,1.172907,false
-1.231141,572,572,1.000000,0.993329,1.000000,254,824,0.308252,0.277674,0.340611,1.176836,false
-1.229613,572,572,1.000000,0.993329,1.000000,253,824,0.307039,0.276500,0.339368,1.180781,false
-1.228492,572,572,1.000000,0.993329,1.000000,252,824,0.305825,0.275327,0.338126,1.184741,false
-1.228255,572,572,1.000000,0.993329,1.000000,251,824,0.304612,0.274153,0.336883,1.188718,false
-1.226920,572,572,1.000000,0.993329,1.000000,250,824,0.303398,0.272981,0.335640,1.192710,false
-1.221610,572,572,1.000000,0.993329,1.000000,249,824,0.302184,0.271808,0.334397,1.196718,false
-1.221179,572,572,1.000000,0.993329,1.000000,248,824,0.300971,0.270636,0.333153,1.200742,false
-1.220172,572,572,1.000000,0.993329,1.000000,247,824,0.299757,0.269463,0.331910,1.204782,false
-1.219115,572,572,1.000000,0.993329,1.000000,246,824,0.298544,0.268291,0.330666,1.208839,false
-1.218121,572,572,1.000000,0.993329,1.000000,245,824,0.297330,0.267120,0.329421,1.212912,false
-1.217483,572,572,1.000000,0.993329,1.000000,244,824,0.296117,0.265949,0.328177,1.217002,false
-1.214638,572,572,1.000000,0.993329,1.000000,243,824,0.294903,0.264777,0.326932,1.221109,false
-1.208939,572,572,1.000000,0.993329,1.000000,242,824,0.293689,0.263607,0.325687,1.225233,false
-1.206504,572,572,1.000000,0.993329,1.000000,241,824,0.292476,0.262436,0.324441,1.229374,false
-1.204130,572,572,1.000000,0.993329,1.000000,240,824,0.291262,0.261266,0.323196,1.233532,false
-1.202318,572,572,1.000000,0.993329,1.000000,239,824,0.290049,0.260096,0.321950,1.237707,false
-1.201386,572,572,1.000000,0.993329,1.000000,238,824,0.288835,0.258926,0.320704,1.241900,false
-1.193961,572,572,1.000000,0.993329,1.000000,237,824,0.287621,0.257756,0.319457,1.246110,false
-1.193794,572,572,1.000000,0.993329,1.000000,236,824,0.286408,0.256587,0.318211,1.250339,false
-1.190783,572,572,1.000000,0.993329,1.000000,235,824,0.285194,0.255418,0.316964,1.254585,false
-1.181134,572,572,1.000000,0.993329,1.000000,234,824,0.283981,0.254249,0.315717,1.258849,false
-1.176530,572,572,1.000000,0.993329,1.000000,233,824,0.282767,0.253081,0.314469,1.263132,false
-1.167773,572,572,1.000000,0.993329,1.000000,231,824,0.280340,0.250745,0.311973,1.271753,false
-1.164984,572,572,1.000000,0.993329,1.000000,230,824,0.279126,0.249577,0.310725,1.276091,false
-1.164623,572,572,1.000000,0.993329,1.000000,229,824,0.277913,0.248410,0.309476,1.280449,false
-1.161687,572,572,1.000000,0.993329,1.000000,228,824,0.276699,0.247243,0.308227,1.284825,false
-1.152632,572,572,1.000000,0.993329,1.000000,227,824,0.275485,0.246076,0.306978,1.289221,false
-1.152089,572,572,1.000000,0.993329,1.000000,226,824,0.274272,0.244910,0.305729,1.293636,false
-1.151368,572,572,1.000000,0.993329,1.000000,225,824,0.273058,0.243744,0.304479,1.298070,false
-1.149149,572,572,1.000000,0.993329,1.000000,224,824,0.271845,0.242578,0.303229,1.302524,false
-1.147671,572,572,1.000000,0.993329,1.000000,222,824,0.269417,0.240247,0.300728,1.311493,false
-1.147447,572,572,1.000000,0.993329,1.000000,221,824,0.268204,0.239082,0.299477,1.316008,false
-1.146646,572,572,1.000000,0.993329,1.000000,220,824,0.266990,0.237917,0.298226,1.320543,false
-1.145797,572,572,1.000000,0.993329,1.000000,219,824,0.265777,0.236752,0.296975,1.325099,false
-1.144416,572,572,1.000000,0.993329,1.000000,218,824,0.264563,0.235588,0.295723,1.329675,false
-1.144003,572,572,1.000000,0.993329,1.000000,217,824,0.263350,0.234424,0.294471,1.334273,false
-1.142592,572,572,1.000000,0.993329,1.000000,216,824,0.262136,0.233260,0.293219,1.338892,false
-1.138798,572,572,1.000000,0.993329,1.000000,215,824,0.260922,0.232097,0.291966,1.343533,false
-1.137950,572,572,1.000000,0.993329,1.000000,214,824,0.259709,0.230934,0.290713,1.348195,false
-1.136320,572,572,1.000000,0.993329,1.000000,213,824,0.258495,0.229771,0.289460,1.352878,false
-1.135340,572,572,1.000000,0.993329,1.000000,212,824,0.257282,0.228609,0.288207,1.357584,false
-1.134020,572,572,1.000000,0.993329,1.000000,211,824,0.256068,0.227447,0.286953,1.362312,false
-1.131925,572,572,1.000000,0.993329,1.000000,210,824,0.254854,0.226285,0.285699,1.367063,false
-1.127222,572,572,1.000000,0.993329,1.000000,209,824,0.253641,0.225123,0.284445,1.371836,false
-1.126151,572,572,1.000000,0.993329,1.000000,208,824,0.252427,0.223962,0.283190,1.376632,false
-1.123541,572,572,1.000000,0.993329,1.000000,207,824,0.251214,0.222801,0.281935,1.381452,false
-1.119766,572,572,1.000000,0.993329,1.000000,206,824,0.250000,0.221640,0.280680,1.386294,false
-1.116776,572,572,1.000000,0.993329,1.000000,205,824,0.248786,0.220480,0.279424,1.391161,false
-1.114762,572,572,1.000000,0.993329,1.000000,204,824,0.247573,0.219320,0.278168,1.396051,false
-1.114151,572,572,1.000000,0.993329,1.000000,203,824,0.246359,0.218160,0.276912,1.400965,false
-1.112624,572,572,1.000000,0.993329,1.000000,202,824,0.245146,0.217001,0.275656,1.405903,false
-1.107540,572,572,1.000000,0.993329,1.000000,201,824,0.243932,0.215842,0.274399,1.410866,false
-1.097441,572,572,1.000000,0.993329,1.000000,200,824,0.242718,0.214683,0.273142,1.415853,false
-1.095344,572,572,1.000000,0.993329,1.000000,199,824,0.241505,0.213525,0.271884,1.420866,false
-1.095310,572,572,1.000000,0.993329,1.000000,198,824,0.240291,0.212366,0.270626,1.425903,false
-1.094541,572,572,1.000000,0.993329,1.000000,197,824,0.239078,0.211209,0.269368,1.430967,false
-1.093094,572,572,1.000000,0.993329,1.000000,196,824,0.237864,0.210051,0.268110,1.436056,false
-1.088420,572,572,1.000000,0.993329,1.000000,195,824,0.236650,0.208894,0.266851,1.441171,false
-1.087657,572,572,1.000000,0.993329,1.000000,194,824,0.235437,0.207737,0.265592,1.446312,false
-1.084593,572,572,1.000000,0.993329,1.000000,193,824,0.234223,0.206581,0.264333,1.451480,false
-1.081836,572,572,1.000000,0.993329,1.000000,192,824,0.233010,0.205424,0.263073,1.456675,false
-1.073862,572,572,1.000000,0.993329,1.000000,191,824,0.231796,0.204269,0.261813,1.461897,false
-1.070498,572,572,1.000000,0.993329,1.000000,190,824,0.230583,0.203113,0.260552,1.467146,false
-1.070263,572,572,1.000000,0.993329,1.000000,189,824,0.229369,0.201958,0.259292,1.472424,false
-1.068506,572,572,1.000000,0.993329,1.000000,188,824,0.228155,0.200803,0.258031,1.477729,false
-1.062056,572,572,1.000000,0.993329,1.000000,187,824,0.226942,0.199648,0.256769,1.483062,false
-1.058485,572,572,1.000000,0.993329,1.000000,186,824,0.225728,0.198494,0.255508,1.488424,false
-1.058467,572,572,1.000000,0.993329,1.000000,185,824,0.224515,0.197340,0.254246,1.493815,false
-1.057414,572,572,1.000000,0.993329,1.000000,184,824,0.223301,0.196187,0.252983,1.499235,false
-1.056441,572,572,1.000000,0.993329,1.000000,183,824,0.222087,0.195034,0.251720,1.504684,false
-1.053653,572,572,1.000000,0.993329,1.000000,182,824,0.220874,0.193881,0.250457,1.510164,false
-1.052572,572,572,1.000000,0.993329,1.000000,181,824,0.219660,0.192728,0.249194,1.515673,false
-1.048399,572,572,1.000000,0.993329,1.000000,180,824,0.218447,0.191576,0.247930,1.521214,false
-1.047759,572,572,1.000000,0.993329,1.000000,179,824,0.217233,0.190424,0.246666,1.526785,false
-1.042000,572,572,1.000000,0.993329,1.000000,178,824,0.216019,0.189273,0.245401,1.532387,false
-1.039945,572,572,1.000000,0.993329,1.000000,177,824,0.214806,0.188122,0.244137,1.538021,false
-1.035736,572,572,1.000000,0.993329,1.000000,176,824,0.213592,0.186971,0.242871,1.543687,false
-1.032000,572,572,1.000000,0.993329,1.000000,175,824,0.212379,0.185821,0.241606,1.549385,false
-1.029402,572,572,1.000000,0.993329,1.000000,174,824,0.211165,0.184671,0.240340,1.555115,false
-1.028727,572,572,1.000000,0.993329,1.000000,173,824,0.209951,0.183521,0.239073,1.560879,false
-1.026180,572,572,1.000000,0.993329,1.000000,172,824,0.208738,0.182372,0.237807,1.566676,false
-1.024005,572,572,1.000000,0.993329,1.000000,171,824,0.207524,0.181223,0.236540,1.572507,false
-1.021146,572,572,1.000000,0.993329,1.000000,170,824,0.206311,0.180075,0.235272,1.578372,false
-1.019989,572,572,1.000000,0.993329,1.000000,169,824,0.205097,0.178927,0.234005,1.584272,false
-1.016398,572,572,1.000000,0.993329,1.000000,168,824,0.203883,0.177779,0.232736,1.590207,false
-1.015378,572,572,1.000000,0.993329,1.000000,167,824,0.202670,0.176631,0.231468,1.596177,false
-1.014967,572,572,1.000000,0.993329,1.000000,166,824,0.201456,0.175484,0.230199,1.602183,false
-1.013463,572,572,1.000000,0.993329,1.000000,164,824,0.199029,0.173192,0.227660,1.614304,false
-1.008540,572,572,1.000000,0.993329,1.000000,163,824,0.197816,0.172046,0.226390,1.620420,false
-1.008027,572,572,1.000000,0.993329,1.000000,162,824,0.196602,0.170900,0.225119,1.626574,false
-1.000939,572,572,1.000000,0.993329,1.000000,161,824,0.195388,0.169755,0.223848,1.632766,false
-0.997880,572,572,1.000000,0.993329,1.000000,160,824,0.194175,0.168611,0.222577,1.638997,false
-0.997330,572,572,1.000000,0.993329,1.000000,159,824,0.192961,0.167466,0.221305,1.645266,false
-0.994388,572,572,1.000000,0.993329,1.000000,158,824,0.191748,0.166323,0.220033,1.651575,false
-0.992243,572,572,1.000000,0.993329,1.000000,157,824,0.190534,0.165179,0.218761,1.657925,false
-0.989468,572,572,1.000000,0.993329,1.000000,156,824,0.189320,0.164036,0.217488,1.664315,false
-0.988109,572,572,1.000000,0.993329,1.000000,155,824,0.188107,0.162894,0.216215,1.670745,false
-0.984783,572,572,1.000000,0.993329,1.000000,154,824,0.186893,0.161751,0.214941,1.677218,false
-0.982244,572,572,1.000000,0.993329,1.000000,153,824,0.185680,0.160610,0.213667,1.683733,false
-0.973869,572,572,1.000000,0.993329,1.000000,152,824,0.184466,0.159468,0.212392,1.690290,false
-0.969951,572,572,1.000000,0.993329,1.000000,151,824,0.183252,0.158327,0.211117,1.696891,false
-0.969326,572,572,1.000000,0.993329,1.000000,150,824,0.182039,0.157187,0.209842,1.703535,false
-0.969316,572,572,1.000000,0.993329,1.000000,149,824,0.180825,0.156047,0.208566,1.710224,false
-0.967972,572,572,1.000000,0.993329,1.000000,148,824,0.179612,0.154907,0.207289,1.716958,false
-0.963113,572,572,1.000000,0.993329,1.000000,147,824,0.178398,0.153768,0.206013,1.723738,false
-0.957849,572,572,1.000000,0.993329,1.000000,146,824,0.177184,0.152629,0.204735,1.730564,false
-0.950014,572,572,1.000000,0.993329,1.000000,145,824,0.175971,0.151491,0.203458,1.737437,false
-0.949801,572,572,1.000000,0.993329,1.000000,144,824,0.174757,0.150353,0.202180,1.744357,false
-0.938478,572,572,1.000000,0.993329,1.000000,143,824,0.173544,0.149216,0.200901,1.751326,false
-0.937642,572,572,1.000000,0.993329,1.000000,142,824,0.172330,0.148079,0.199622,1.758343,false
-0.934083,572,572,1.000000,0.993329,1.000000,141,824,0.171117,0.146943,0.198343,1.765411,false
-0.933184,572,572,1.000000,0.993329,1.000000,140,824,0.169903,0.145807,0.197063,1.772528,false
-0.923531,572,572,1.000000,0.993329,1.000000,139,824,0.168689,0.144671,0.195782,1.779697,false
-0.920461,572,572,1.000000,0.993329,1.000000,138,824,0.167476,0.143536,0.194502,1.786917,false
-0.917357,572,572,1.000000,0.993329,1.000000,137,824,0.166262,0.142401,0.193220,1.794190,false
-0.913456,572,572,1.000000,0.993329,1.000000,136,824,0.165049,0.141267,0.191938,1.801516,false
-0.910510,572,572,1.000000,0.993329,1.000000,135,824,0.163835,0.140134,0.190656,1.808896,false
-0.907466,572,572,1.000000,0.993329,1.000000,134,824,0.162621,0.139001,0.189373,1.816331,false
-0.902246,572,572,1.000000,0.993329,1.000000,133,824,0.161408,0.137868,0.188090,1.823821,false
-0.899498,572,572,1.000000,0.993329,1.000000,132,824,0.160194,0.136736,0.186806,1.831369,false
-0.897175,572,572,1.000000,0.993329,1.000000,131,824,0.158981,0.135604,0.185522,1.838973,false
-0.891503,572,572,1.000000,0.993329,1.000000,130,824,0.157767,0.134473,0.184237,1.846636,false
-0.891084,572,572,1.000000,0.993329,1.000000,129,824,0.156553,0.133342,0.182952,1.854358,false
-0.882139,572,572,1.000000,0.993329,1.000000,128,824,0.155340,0.132212,0.181666,1.862140,false
-0.879268,572,572,1.000000,0.993329,1.000000,127,824,0.154126,0.131083,0.180380,1.869983,false
-0.877018,572,572,1.000000,0.993329,1.000000,126,824,0.152913,0.129954,0.179093,1.877889,false
-0.873984,572,572,1.000000,0.993329,1.000000,125,824,0.151699,0.128825,0.177805,1.885857,false
-0.873774,572,572,1.000000,0.993329,1.000000,124,824,0.150485,0.127697,0.176517,1.893889,false
-0.872380,572,572,1.000000,0.993329,1.000000,123,824,0.149272,0.126570,0.175229,1.901986,false
-0.872218,572,572,1.000000,0.993329,1.000000,122,824,0.148058,0.125443,0.173940,1.910149,false
-0.868494,572,572,1.000000,0.993329,1.000000,121,824,0.146845,0.124317,0.172650,1.918380,false
-0.862382,572,572,1.000000,0.993329,1.000000,120,824,0.145631,0.123191,0.171360,1.926679,false
-0.853907,572,572,1.000000,0.993329,1.000000,119,824,0.144417,0.122066,0.170069,1.935047,false
-0.853162,572,572,1.000000,0.993329,1.000000,118,824,0.143204,0.120941,0.168778,1.943486,false
-0.852583,572,572,1.000000,0.993329,1.000000,117,824,0.141990,0.119817,0.167486,1.951997,false
-0.852156,572,572,1.000000,0.993329,1.000000,116,824,0.140777,0.118694,0.166194,1.960580,false
-0.848832,572,572,1.000000,0.993329,1.000000,115,824,0.139563,0.117571,0.164901,1.969238,false
-0.840410,572,572,1.000000,0.993329,1.000000,114,824,0.138350,0.116448,0.163607,1.977972,false
-0.828899,572,572,1.000000,0.993329,1.000000,113,824,0.137136,0.115327,0.162313,1.986783,false
-0.828121,572,572,1.000000,0.993329,1.000000,112,824,0.135922,0.114206,0.161018,1.995672,false
-0.826766,572,572,1.000000,0.993329,1.000000,111,824,0.134709,0.113085,0.159722,2.004640,false
-0.816867,572,572,1.000000,0.993329,1.000000,110,824,0.133495,0.111965,0.158426,2.013690,false
-0.810001,572,572,1.000000,0.993329,1.000000,109,824,0.132282,0.110846,0.157130,2.022823,false
-0.808591,572,572,1.000000,0.993329,1.000000,108,824,0.131068,0.109728,0.155832,2.032039,false
-0.804157,572,572,1.000000,0.993329,1.000000,107,824,0.129854,0.108610,0.154534,2.041342,false
-0.797336,572,572,1.000000,0.993329,1.000000,106,824,0.128641,0.107492,0.153236,2.050731,false
-0.793590,572,572,1.000000,0.993329,1.000000,105,824,0.127427,0.106376,0.151936,2.060210,false
-0.791943,572,572,1.000000,0.993329,1.000000,104,824,0.126214,0.105260,0.150636,2.069780,false
-0.790247,572,572,1.000000,0.993329,1.000000,103,824,0.125000,0.104144,0.149336,2.079442,false
-0.784095,572,572,1.000000,0.993329,1.000000,102,824,0.123786,0.103030,0.148034,2.089198,false
-0.782256,572,572,1.000000,0.993329,1.000000,101,824,0.122573,0.101916,0.146732,2.099050,false
-0.777804,572,572,1.000000,0.993329,1.000000,99,824,0.120146,0.099690,0.144126,2.119051,false
-0.776879,572,572,1.000000,0.993329,1.000000,98,824,0.118932,0.098579,0.142822,2.129203,false
-0.774882,572,572,1.000000,0.993329,1.000000,97,824,0.117718,0.097467,0.141517,2.139460,false
-0.773180,572,572,1.000000,0.993329,1.000000,96,824,0.116505,0.096357,0.140212,2.149822,false
-0.766230,572,572,1.000000,0.993329,1.000000,95,824,0.115291,0.095248,0.138905,2.160294,false
-0.760880,572,572,1.000000,0.993329,1.000000,94,824,0.114078,0.094139,0.137598,2.170876,false
-0.759731,572,572,1.000000,0.993329,1.000000,93,824,0.112864,0.093031,0.136290,2.181571,false
-0.758572,572,572,1.000000,0.993329,1.000000,92,824,0.111650,0.091924,0.134982,2.192382,false
-0.756693,572,572,1.000000,0.993329,1.000000,91,824,0.110437,0.090817,0.133672,2.203311,false
-0.751866,572,572,1.000000,0.993329,1.000000,90,824,0.109223,0.089711,0.132362,2.214361,false
-0.747759,572,572,1.000000,0.993329,1.000000,89,824,0.108010,0.088607,0.131051,2.225534,false
-0.745701,572,572,1.000000,0.993329,1.000000,88,824,0.106796,0.087503,0.129739,2.236834,false
-0.742925,572,572,1.000000,0.993329,1.000000,87,824,0.105583,0.086399,0.128426,2.248262,false
-0.737281,572,572,1.000000,0.993329,1.000000,86,824,0.104369,0.085297,0.127112,2.259823,false
-0.732305,572,572,1.000000,0.993329,1.000000,85,824,0.103155,0.084196,0.125798,2.271519,false
-0.729093,572,572,1.000000,0.993329,1.000000,84,824,0.101942,0.083095,0.124483,2.283354,false
-0.728890,572,572,1.000000,0.993329,1.000000,83,824,0.100728,0.081995,0.123166,2.295330,false
-0.728636,572,572,1.000000,0.993329,1.000000,82,824,0.099515,0.080897,0.121849,2.307451,false
-0.714570,572,572,1.000000,0.993329,1.000000,81,824,0.098301,0.079799,0.120531,2.319721,false
-0.713975,572,572,1.000000,0.993329,1.000000,80,824,0.097087,0.078702,0.119212,2.332144,false
-0.689629,572,572,1.000000,0.993329,1.000000,79,824,0.095874,0.077606,0.117892,2.344723,false
-0.686726,572,572,1.000000,0.993329,1.000000,78,824,0.094660,0.076511,0.116571,2.357462,false
-0.679228,572,572,1.000000,0.993329,1.000000,77,824,0.093447,0.075417,0.115250,2.370365,false
-0.674626,572,572,1.000000,0.993329,1.000000,76,824,0.092233,0.074324,0.113927,2.383437,false
-0.666109,572,572,1.000000,0.993329,1.000000,75,824,0.091019,0.073232,0.112603,2.396682,false
-0.663298,572,572,1.000000,0.993329,1.000000,74,824,0.089806,0.072141,0.111278,2.410105,false
-0.659368,572,572,1.000000,0.993329,1.000000,73,824,0.088592,0.071051,0.109952,2.423711,false
-0.650045,572,572,1.000000,0.993329,1.000000,72,824,0.087379,0.069962,0.108625,2.437504,false
-0.646299,572,572,1.000000,0.993329,1.000000,71,824,0.086165,0.068874,0.107297,2.451491,false
-0.636490,572,572,1.000000,0.993329,1.000000,70,824,0.084951,0.067788,0.105967,2.465675,false
-0.627926,572,572,1.000000,0.993329,1.000000,69,824,0.083738,0.066702,0.104637,2.480064,false
-0.624972,572,572,1.000000,0.993329,1.000000,68,824,0.082524,0.065618,0.103305,2.494663,false
-0.615666,572,572,1.000000,0.993329,1.000000,67,824,0.081311,0.064534,0.101973,2.509478,false
-0.593829,572,572,1.000000,0.993329,1.000000,66,824,0.080097,0.063452,0.100639,2.524516,false
-0.590751,571,572,0.998252,0.990164,0.999691,65,824,0.078883,0.062372,0.099304,2.538033,false
-0.586463,571,572,0.998252,0.990164,0.999691,64,824,0.077670,0.061292,0.097967,2.553538,false
-0.573493,571,572,0.998252,0.990164,0.999691,63,824,0.076456,0.060214,0.096629,2.569286,false
-0.545310,571,572,0.998252,0.990164,0.999691,62,824,0.075243,0.059137,0.095290,2.585286,false
-0.536660,571,572,0.998252,0.990164,0.999691,61,824,0.074029,0.058062,0.093950,2.601547,false
-0.532432,571,572,0.998252,0.990164,0.999691,60,824,0.072816,0.056987,0.092608,2.618076,false
-0.531141,571,572,0.998252,0.990164,0.999691,59,824,0.071602,0.055914,0.091265,2.634883,false
-0.517567,570,572,0.996503,0.987342,0.999041,59,824,0.071602,0.055914,0.091265,2.633130,false
-0.516369,570,572,0.996503,0.987342,0.999041,58,824,0.070388,0.054843,0.089921,2.650225,false
-0.513150,569,572,0.994755,0.984695,0.998215,58,824,0.070388,0.054843,0.089921,2.648469,false
-0.512470,569,572,0.994755,0.984695,0.998215,57,824,0.069175,0.053773,0.088575,2.665861,false
-0.505948,569,572,0.994755,0.984695,0.998215,56,824,0.067961,0.052705,0.087227,2.683560,false
-0.476921,569,572,0.994755,0.984695,0.998215,55,824,0.066748,0.051638,0.085878,2.701579,false
-0.471744,568,572,0.993007,0.982159,0.997277,55,824,0.066748,0.051638,0.085878,2.699820,false
-0.470964,568,572,0.993007,0.982159,0.997277,54,824,0.065534,0.050573,0.084528,2.718169,false
-0.469764,568,572,0.993007,0.982159,0.997277,53,824,0.064320,0.049509,0.083175,2.736861,false
-0.464028,567,572,0.991259,0.979702,0.996261,53,824,0.064320,0.049509,0.083175,2.735099,false
-0.454531,567,572,0.991259,0.979702,0.996261,52,824,0.063107,0.048447,0.081821,2.754147,false
-0.443828,567,572,0.991259,0.979702,0.996261,51,824,0.061893,0.047386,0.080466,2.773565,false
-0.437812,567,572,0.991259,0.979702,0.996261,50,824,0.060680,0.046328,0.079109,2.793368,false
-0.435541,567,572,0.991259,0.979702,0.996261,49,824,0.059466,0.045271,0.077749,2.813571,false
-0.419973,566,572,0.989510,0.977306,0.995184,49,824,0.059466,0.045271,0.077749,2.811805,false
-0.417621,566,572,0.989510,0.977306,0.995184,48,824,0.058252,0.044216,0.076388,2.832425,false
-0.413892,565,572,0.987762,0.974957,0.994060,48,824,0.058252,0.044216,0.076388,2.830656,false
-0.411473,565,572,0.987762,0.974957,0.994060,47,824,0.057039,0.043163,0.075026,2.851710,false
-0.410786,565,572,0.987762,0.974957,0.994060,46,824,0.055825,0.042112,0.073661,2.873216,false
-0.410762,565,572,0.987762,0.974957,0.994060,45,824,0.054612,0.041063,0.072294,2.895195,false
-0.408561,564,572,0.986014,0.972647,0.992896,45,824,0.054612,0.041063,0.072294,2.893423,false
-0.406278,564,572,0.986014,0.972647,0.992896,44,824,0.053398,0.040016,0.070925,2.915896,false
-0.404467,563,572,0.984266,0.970370,0.991700,44,824,0.053398,0.040016,0.070925,2.914122,false
-0.393799,563,572,0.984266,0.970370,0.991700,43,824,0.052184,0.038971,0.069554,2.937111,false
-0.388015,563,572,0.984266,0.970370,0.991700,42,824,0.050971,0.037928,0.068181,2.960642,false
-0.385894,562,572,0.982517,0.968121,0.990477,42,824,0.050971,0.037928,0.068181,2.958864,false
-0.376091,562,572,0.982517,0.968121,0.990477,41,824,0.049757,0.036888,0.066805,2.982961,false
-0.370693,562,572,0.982517,0.968121,0.990477,40,824,0.048544,0.035850,0.065428,3.007654,false
-0.358757,562,572,0.982517,0.968121,0.990477,39,824,0.047330,0.034814,0.064047,3.032972,false
-0.356228,562,572,0.982517,0.968121,0.990477,38,824,0.046117,0.033781,0.062664,3.058947,false
-0.338307,562,572,0.982517,0.968121,0.990477,37,824,0.044903,0.032750,0.061279,3.085615,false
-0.337183,562,572,0.982517,0.968121,0.990477,36,824,0.043689,0.031723,0.059891,3.113014,false
-0.315892,561,572,0.980769,0.965895,0.989229,36,824,0.043689,0.031723,0.059891,3.111234,false
-0.297657,561,572,0.980769,0.965895,0.989229,35,824,0.042476,0.030698,0.058500,3.139404,false
-0.297150,561,572,0.980769,0.965895,0.989229,34,824,0.041262,0.029676,0.057106,3.168392,false
-0.261538,560,572,0.979021,0.963692,0.987959,34,824,0.041262,0.029676,0.057106,3.166608,false
-0.259488,560,572,0.979021,0.963692,0.987959,33,824,0.040049,0.028657,0.055709,3.196461,false
-0.255356,559,572,0.977273,0.961507,0.986671,33,824,0.040049,0.028657,0.055709,3.194673,false
-0.246695,558,572,0.975524,0.959339,0.985365,33,824,0.040049,0.028657,0.055709,3.192883,false
-0.243724,558,572,0.975524,0.959339,0.985365,32,824,0.038835,0.027641,0.054309,3.223655,false
-0.230047,558,572,0.975524,0.959339,0.985365,31,824,0.037621,0.026629,0.052905,3.255403,false
-0.226302,558,572,0.975524,0.959339,0.985365,30,824,0.036408,0.025620,0.051498,3.288193,false
-0.223401,558,572,0.975524,0.959339,0.985365,29,824,0.035194,0.024615,0.050087,3.322095,false
-0.217570,557,572,0.973776,0.957187,0.984045,29,824,0.035194,0.024615,0.050087,3.320301,false
-0.197572,557,572,0.973776,0.957187,0.984045,28,824,0.033981,0.023613,0.048673,3.355392,false
-0.177929,556,572,0.972028,0.955048,0.982710,28,824,0.033981,0.023613,0.048673,3.353595,false
-0.167661,555,572,0.970280,0.952922,0.981363,28,824,0.033981,0.023613,0.048673,3.351795,false
-0.166974,555,572,0.970280,0.952922,0.981363,27,824,0.032767,0.022616,0.047255,3.388163,false
-0.163649,554,572,0.968531,0.950808,0.980004,27,824,0.032767,0.022616,0.047255,3.386359,false
-0.156978,553,572,0.966783,0.948705,0.978633,27,824,0.032767,0.022616,0.047255,3.384553,false
-0.153898,553,572,0.966783,0.948705,0.978633,26,824,0.031553,0.021622,0.045832,3.422293,false
-0.140895,552,572,0.965035,0.946612,0.977253,26,824,0.031553,0.021622,0.045832,3.420483,false
-0.139223,552,572,0.965035,0.946612,0.977253,25,824,0.030340,0.020634,0.044405,3.459704,false
-0.129694,551,572,0.963287,0.944528,0.975864,25,824,0.030340,0.020634,0.044405,3.457891,false
-0.105204,550,572,0.961538,0.942454,0.974465,25,824,0.030340,0.020634,0.044405,3.456074,false
-0.100487,550,572,0.961538,0.942454,0.974465,24,824,0.029126,0.019650,0.042973,3.496896,false
-0.077485,549,572,0.959790,0.940387,0.973059,24,824,0.029126,0.019650,0.042973,3.495076,false
-0.074456,548,572,0.958042,0.938328,0.971645,24,824,0.029126,0.019650,0.042973,3.493253,false
-0.068539,548,572,0.958042,0.938328,0.971645,23,824,0.027913,0.018671,0.041536,3.535813,false
-0.052663,547,572,0.956294,0.936277,0.970223,23,824,0.027913,0.018671,0.041536,3.533986,false
-0.051415,546,572,0.954545,0.934232,0.968794,23,824,0.027913,0.018671,0.041536,3.532156,false
-0.045124,546,572,0.954545,0.934232,0.968794,22,824,0.026699,0.017697,0.040094,3.576608,false
-0.044587,545,572,0.952797,0.932194,0.967359,22,824,0.026699,0.017697,0.040094,3.574775,false
-0.036647,544,572,0.951049,0.930162,0.965918,22,824,0.026699,0.017697,0.040094,3.572938,false
-0.033540,543,572,0.949301,0.928136,0.964471,22,824,0.026699,0.017697,0.040094,3.571098,false
-0.033097,542,572,0.947552,0.926116,0.963018,22,824,0.026699,0.017697,0.040094,3.569255,false
-0.030735,541,572,0.945804,0.924101,0.961560,22,824,0.026699,0.017697,0.040094,3.567408,false
-0.026357,541,572,0.945804,0.924101,0.961560,21,824,0.025485,0.016729,0.038646,3.613928,false
-0.010898,540,572,0.944056,0.922091,0.960096,21,824,0.025485,0.016729,0.038646,3.612078,false
0.007631,539,572,0.942308,0.920086,0.958628,21,824,0.025485,0.016729,0.038646,3.610225,false
0.010879,538,572,0.940559,0.918086,0.957155,21,824,0.025485,0.016729,0.038646,3.608368,false
0.016561,538,572,0.940559,0.918086,0.957155,20,824,0.024272,0.015766,0.037192,3.657158,false
0.025564,537,572,0.938811,0.916090,0.955677,20,824,0.024272,0.015766,0.037192,3.655297,false
0.028234,536,572,0.937063,0.914099,0.954196,20,824,0.024272,0.015766,0.037192,3.653433,false
0.043541,535,572,0.935315,0.912112,0.952709,20,824,0.024272,0.015766,0.037192,3.651566,false
0.047625,534,572,0.933566,0.910129,0.951219,20,824,0.024272,0.015766,0.037192,3.649695,false
0.053265,533,572,0.931818,0.908150,0.949725,20,824,0.024272,0.015766,0.037192,3.647821,false
0.053614,533,572,0.931818,0.908150,0.949725,19,824,0.023058,0.014811,0.035732,3.699114,false
0.053784,532,572,0.930070,0.906174,0.948227,19,824,0.023058,0.014811,0.035732,3.697236,false
0.057474,532,572,0.930070,0.906174,0.948227,18,824,0.021845,0.013862,0.034265,3.751303,false
0.062409,531,572,0.928322,0.904203,0.946726,18,824,0.021845,0.013862,0.034265,3.749422,false
0.066474,531,572,0.928322,0.904203,0.946726,17,824,0.020631,0.012920,0.032791,3.806580,false
0.067337,530,572,0.926573,0.902234,0.945221,17,824,0.020631,0.012920,0.032791,3.804695,false
0.070991,529,572,0.924825,0.900270,0.943713,17,824,0.020631,0.012920,0.032791,3.802807,false
0.076330,529,572,0.924825,0.900270,0.943713,16,824,0.019417,0.011987,0.031308,3.863431,false
0.081591,529,572,0.924825,0.900270,0.943713,15,824,0.018204,0.011062,0.029817,3.927970,false
0.096106,528,572,0.923077,0.898308,0.942201,15,824,0.018204,0.011062,0.029817,3.926078,false
0.096409,527,572,0.921329,0.896350,0.940686,15,824,0.018204,0.011062,0.029817,3.924182,false
0.101344,526,572,0.919580,0.894394,0.939168,15,824,0.018204,0.011062,0.029817,3.922283,false
0.107419,525,572,0.917832,0.892442,0.937647,15,824,0.018204,0.011062,0.029817,3.920380,false
0.138009,524,572,0.916084,0.890493,0.936123,15,824,0.018204,0.011062,0.029817,3.918473,false
0.150912,523,572,0.914336,0.888547,0.934597,15,824,0.018204,0.011062,0.029817,3.916563,false
0.152133,522,572,0.912587,0.886603,0.933067,15,824,0.018204,0.011062,0.029817,3.914649,false
0.158058,521,572,0.910839,0.884662,0.931535,15,824,0.018204,0.011062,0.029817,3.912731,false
0.162981,520,572,0.909091,0.882723,0.930000,15,824,0.018204,0.011062,0.029817,3.910810,false
0.171506,519,572,0.907343,0.880788,0.928463,15,824,0.018204,0.011062,0.029817,3.908885,false
0.176639,519,572,0.907343,0.880788,0.928463,14,824,0.016990,0.010147,0.028316,3.977878,false
0.187635,518,572,0.905594,0.878854,0.926923,14,824,0.016990,0.010147,0.028316,3.975949,false
0.190234,517,572,0.903846,0.876923,0.925381,14,824,0.016990,0.010147,0.028316,3.974017,false
0.196807,516,572,0.902098,0.874995,0.923836,14,824,0.016990,0.010147,0.028316,3.972081,false
0.201887,515,572,0.900350,0.873069,0.922289,14,824,0.016990,0.010147,0.028316,3.970141,false
0.203727,514,572,0.898601,0.871145,0.920740,13,824,0.015777,0.009243,0.026804,4.042305,false
0.205245,513,572,0.896853,0.869223,0.919188,13,824,0.015777,0.009243,0.026804,4.040358,false
0.205570,512,572,0.895105,0.867304,0.917635,13,824,0.015777,0.009243,0.026804,4.038407,false
0.208773,511,572,0.893357,0.865386,0.916079,13,824,0.015777,0.009243,0.026804,4.036452,false
0.212219,510,572,0.891608,0.863471,0.914521,13,824,0.015777,0.009243,0.026804,4.034493,false
0.213104,509,572,0.889860,0.861558,0.912961,13,824,0.015777,0.009243,0.026804,4.032530,false
0.213966,508,572,0.888112,0.859646,0.911399,13,824,0.015777,0.009243,0.026804,4.030564,false
0.216280,508,572,0.888112,0.859646,0.911399,12,824,0.014563,0.008350,0.025281,4.110606,false
0.217458,508,572,0.888112,0.859646,0.911399,11,824,0.013350,0.007470,0.023745,4.197618,false
0.223355,507,572,0.886364,0.857737,0.909836,11,824,0.013350,0.007470,0.023745,4.195647,false
0.226739,506,572,0.884615,0.855829,0.908270,11,824,0.013350,0.007470,0.023745,4.193673,false
0.241162,505,572,0.882867,0.853924,0.906702,11,824,0.013350,0.007470,0.023745,4.191695,false
0.242024,504,572,0.881119,0.852020,0.905133,11,824,0.013350,0.007470,0.023745,4.189713,false
0.254843,503,572,0.879371,0.850118,0.903562,11,824,0.013350,0.007470,0.023745,4.187726,false
0.257185,502,572,0.877622,0.848218,0.901989,11,824,0.013350,0.007470,0.023745,4.185736,false
0.261180,501,572,0.875874,0.846319,0.900414,11,824,0.013350,0.007470,0.023745,4.183742,false
0.261702,501,572,0.875874,0.846319,0.900414,10,824,0.012136,0.006605,0.022194,4.279053,false
0.263018,500,572,0.874126,0.844423,0.898837,10,824,0.012136,0.006605,0.022194,4.277055,false
0.271340,499,572,0.872378,0.842528,0.897259,10,824,0.012136,0.006605,0.022194,4.275053,false
0.281525,498,572,0.870629,0.840634,0.895680,10,824,0.012136,0.006605,0.022194,4.273047,false
0.310265,497,572,0.868881,0.838742,0.894098,10,824,0.012136,0.006605,0.022194,4.271036,false
0.319102,496,572,0.867133,0.836852,0.892515,10,824,0.012136,0.006605,0.022194,4.269022,false
0.320243,495,572,0.865385,0.834964,0.890931,10,824,0.012136,0.006605,0.022194,4.267004,false
0.328011,495,572,0.865385,0.834964,0.890931,9,824,0.010922,0.005757,0.020627,4.372365,false
0.330333,494,572,0.863636,0.833077,0.889345,9,824,0.010922,0.005757,0.020627,4.370342,false
0.336065,493,572,0.861888,0.831191,0.887757,9,824,0.010922,0.005757,0.020627,4.368316,false
0.337455,492,572,0.860140,0.829307,0.886168,9,824,0.010922,0.005757,0.020627,4.366286,false
0.341525,491,572,0.858392,0.827424,0.884577,9,824,0.010922,0.005757,0.020627,4.364251,false
0.341621,490,572,0.856643,0.825543,0.882985,9,824,0.010922,0.005757,0.020627,4.362212,false
0.342393,489,572,0.854895,0.823663,0.881392,9,824,0.010922,0.005757,0.020627,4.360169,false
0.349811,488,572,0.853147,0.821785,0.879797,9,824,0.010922,0.005757,0.020627,4.358122,false
0.351209,487,572,0.851399,0.819908,0.878201,9,824,0.010922,0.005757,0.020627,4.356071,false
0.353917,486,572,0.849650,0.818033,0.876603,9,824,0.010922,0.005757,0.020627,4.354016,false
0.362142,485,572,0.847902,0.816158,0.875004,9,824,0.010922,0.005757,0.020627,4.351956,false
0.364992,484,572,0.846154,0.814285,0.873404,9,824,0.010922,0.005757,0.020627,4.349892,false
0.376648,484,572,0.846154,0.814285,0.873404,8,824,0.009709,0.004928,0.019040,4.467675,true
0.376979,484,572,0.846154,0.814285,0.873404,7,824,0.008495,0.004121,0.017431,4.601206,true
0.378686,483,572,0.844406,0.812414,0.871802,7,824,0.008495,0.004121,0.017431,4.599138,true
0.388997,482,572,0.842657,0.810543,0.870199,7,824,0.008495,0.004121,0.017431,4.597066,true
0.389813,481,572,0.840909,0.808674,0.868595,7,824,0.008495,0.004121,0.017431,4.594989,true
0.390192,480,572,0.839161,0.806807,0.866990,7,824,0.008495,0.004121,0.017431,4.592907,true
0.399201,479,572,0.837413,0.804940,0.865383,7,824,0.008495,0.004121,0.017431,4.590822,true
0.402371,478,572,0.835664,0.803075,0.863775,7,824,0.008495,0.004121,0.017431,4.588732,true
0.409120,477,572,0.833916,0.801211,0.862166,7,824,0.008495,0.004121,0.017431,4.586638,true
0.409565,476,572,0.832168,0.799348,0.860556,7,824,0.008495,0.004121,0.017431,4.584539,true
0.410605,475,572,0.830420,0.797486,0.858945,7,824,0.008495,0.004121,0.017431,4.582436,true
0.413929,474,572,0.828671,0.795625,0.857332,7,824,0.008495,0.004121,0.017431,4.580329,true
0.416018,473,572,0.826923,0.793766,0.855718,7,824,0.008495,0.004121,0.017431,4.578217,true
0.434381,472,572,0.825175,0.791908,0.854103,7,824,0.008495,0.004121,0.017431,4.576100,true
0.437560,471,572,0.823427,0.790051,0.852487,7,824,0.008495,0.004121,0.017431,4.573979,true
0.442257,470,572,0.821678,0.788194,0.850870,7,824,0.008495,0.004121,0.017431,4.571854,true
0.442380,469,572,0.819930,0.786340,0.849252,7,824,0.008495,0.004121,0.017431,4.569724,true
0.443163,468,572,0.818182,0.784486,0.847633,7,824,0.008495,0.004121,0.017431,4.567590,true
0.445116,467,572,0.816434,0.782633,0.846012,7,824,0.008495,0.004121,0.017431,4.565451,true
0.445293,466,572,0.814685,0.780781,0.844391,7,824,0.008495,0.004121,0.017431,4.563307,true
0.451637,465,572,0.812937,0.778930,0.842768,7,824,0.008495,0.004121,0.017431,4.561159,true
0.451694,464,572,0.811189,0.777081,0.841145,7,824,0.008495,0.004121,0.017431,4.559006,true
0.459618,463,572,0.809441,0.775232,0.839520,7,824,0.008495,0.004121,0.017431,4.556848,true
0.462237,462,572,0.807692,0.773385,0.837895,7,824,0.008495,0.004121,0.017431,4.554686,true
0.468610,461,572,0.805944,0.771538,0.836268,7,824,0.008495,0.004121,0.017431,4.552519,true
0.470248,460,572,0.804196,0.769692,0.834641,7,824,0.008495,0.004121,0.017431,4.550348,true
0.474979,459,572,0.802448,0.767848,0.833012,7,824,0.008495,0.004121,0.017431,4.548172,true
0.482940,458,572,0.800699,0.766004,0.831383,7,824,0.008495,0.004121,0.017431,4.545991,true
0.489525,457,572,0.798951,0.764161,0.829752,7,824,0.008495,0.004121,0.017431,4.543805,true
0.492051,456,572,0.797203,0.762320,0.828121,7,824,0.008495,0.004121,0.017431,4.541614,true
0.492416,455,572,0.795455,0.760479,0.826488,7,824,0.008495,0.004121,0.017431,4.539419,true
0.496342,454,572,0.793706,0.758639,0.824855,7,824,0.008495,0.004121,0.017431,4.537219,true
0.507860,454,572,0.793706,0.758639,0.824855,6,824,0.007282,0.003341,0.015795,4.691369,true
0.508049,453,572,0.791958,0.756800,0.823221,6,824,0.007282,0.003341,0.015795,4.689164,true
0.509168,452,572,0.790210,0.754962,0.821585,6,824,0.007282,0.003341,0.015795,4.686954,true
0.511618,451,572,0.788462,0.753125,0.819949,6,824,0.007282,0.003341,0.015795,4.684739,true
0.511819,450,572,0.786713,0.751289,0.818312,6,824,0.007282,0.003341,0.015795,4.682520,true
0.513412,449,572,0.784965,0.749454,0.816674,6,824,0.007282,0.003341,0.015795,4.680295,true
0.514354,448,572,0.783217,0.747619,0.815035,6,824,0.007282,0.003341,0.015795,4.678065,true
0.522466,447,572,0.781469,0.745786,0.813396,6,824,0.007282,0.003341,0.015795,4.675831,true
0.530924,446,572,0.779720,0.743953,0.811755,6,824,0.007282,0.003341,0.015795,4.673591,true
0.539571,445,572,0.777972,0.742122,0.810114,6,824,0.007282,0.003341,0.015795,4.671346,true
0.542410,444,572,0.776224,0.740291,0.808472,6,824,0.007282,0.003341,0.015795,4.669097,true
0.543363,443,572,0.774476,0.738461,0.806828,6,824,0.007282,0.003341,0.015795,4.666842,true
0.547810,442,572,0.772727,0.736631,0.805184,6,824,0.007282,0.003341,0.015795,4.664582,true
0.551639,441,572,0.770979,0.734803,0.803540,6,824,0.007282,0.003341,0.015795,4.662317,true
0.555804,440,572,0.769231,0.732976,0.801894,6,824,0.007282,0.003341,0.015795,4.660047,true
0.559568,439,572,0.767483,0.731149,0.800247,6,824,0.007282,0.003341,0.015795,4.657771,true
0.561587,438,572,0.765734,0.729323,0.798600,6,824,0.007282,0.003341,0.015795,4.655491,true
0.571742,437,572,0.763986,0.727498,0.796952,6,824,0.007282,0.003341,0.015795,4.653205,true
0.581800,436,572,0.762238,0.725674,0.795303,6,824,0.007282,0.003341,0.015795,4.650914,true
0.590088,435,572,0.760490,0.723850,0.793653,6,824,0.007282,0.003341,0.015795,4.648618,true
0.590990,434,572,0.758741,0.722028,0.792003,6,824,0.007282,0.003341,0.015795,4.646317,true
0.591607,433,572,0.756993,0.720206,0.790351,6,824,0.007282,0.003341,0.015795,4.644010,true
0.595715,432,572,0.755245,0.718385,0.788699,6,824,0.007282,0.003341,0.015795,4.641698,true
0.599020,431,572,0.753497,0.716564,0.787047,6,824,0.007282,0.003341,0.015795,4.639380,true
0.602021,430,572,0.751748,0.714745,0.785393,6,824,0.007282,0.003341,0.015795,4.637057,true
0.607087,429,572,0.750000,0.712926,0.783738,6,824,0.007282,0.003341,0.015795,4.634729,true
0.608818,428,572,0.748252,0.711108,0.782083,6,824,0.007282,0.003341,0.015795,4.632395,true
0.610537,427,572,0.746503,0.709291,0.780427,6,824,0.007282,0.003341,0.015795,4.630056,true
0.611866,426,572,0.744755,0.707474,0.778771,6,824,0.007282,0.003341,0.015795,4.627711,true
0.612444,425,572,0.743007,0.705658,0.777113,6,824,0.007282,0.003341,0.015795,4.625361,true
0.616030,424,572,0.741259,0.703843,0.775455,6,824,0.007282,0.003341,0.015795,4.623006,true
0.617440,423,572,0.739510,0.702029,0.773796,6,824,0.007282,0.003341,0.015795,4.620644,true
0.621986,423,572,0.739510,0.702029,0.773796,5,824,0.006068,0.002595,0.014125,4.802966,true
0.624051,422,572,0.737762,0.700216,0.772137,5,824,0.006068,0.002595,0.014125,4.800599,true
0.633967,421,572,0.736014,0.698403,0.770476,5,824,0.006068,0.002595,0.014125,4.798226,true
0.638209,420,572,0.734266,0.696591,0.768815,5,824,0.006068,0.002595,0.014125,4.795848,true
0.639869,419,572,0.732517,0.694779,0.767153,5,824,0.006068,0.002595,0.014125,4.793465,true
0.639938,418,572,0.730769,0.692969,0.765491,5,824,0.006068,0.002595,0.014125,4.791075,true
0.641837,417,572,0.729021,0.691159,0.763828,5,824,0.006068,0.002595,0.014125,4.788680,true
0.644639,416,572,0.727273,0.689349,0.762164,5,824,0.006068,0.002595,0.014125,4.786279,true
0.645330,415,572,0.725524,0.687541,0.760499,5,824,0.006068,0.002595,0.014125,4.783872,true
0.651719,414,572,0.723776,0.685733,0.758834,5,824,0.006068,0.002595,0.014125,4.781460,true
0.654718,413,572,0.722028,0.683926,0.757168,5,824,0.006068,0.002595,0.014125,4.779041,true
0.659364,412,572,0.720280,0.682119,0.755501,5,824,0.006068,0.002595,0.014125,4.776617,true
0.661249,411,572,0.718531,0.680314,0.753834,5,824,0.006068,0.002595,0.014125,4.774187,true
0.666553,410,572,0.716783,0.678508,0.752166,5,824,0.006068,0.002595,0.014125,4.771751,true
0.669440,409,572,0.715035,0.676704,0.750497,5,824,0.006068,0.002595,0.014125,4.769309,true
0.679328,408,572,0.713287,0.674900,0.748827,5,824,0.006068,0.002595,0.014125,4.766861,true
0.682365,407,572,0.711538,0.673097,0.747157,5,824,0.006068,0.002595,0.014125,4.764407,true
0.682561,406,572,0.709790,0.671295,0.745487,5,824,0.006068,0.002595,0.014125,4.761947,true
0.685797,405,572,0.708042,0.669493,0.743815,5,824,0.006068,0.002595,0.014125,4.759481,true
0.687083,404,572,0.706294,0.667692,0.742143,5,824,0.006068,0.002595,0.014125,4.757009,true
0.687631,403,572,0.704545,0.665891,0.740470,5,824,0.006068,0.002595,0.014125,4.754530,true
0.688328,403,572,0.704545,0.665891,0.740470,4,824,0.004854,0.001889,0.012415,4.977674,true
0.688729,402,572,0.702797,0.664092,0.738797,4,824,0.004854,0.001889,0.012415,4.975189,true
0.688887,401,572,0.701049,0.662292,0.737123,4,824,0.004854,0.001889,0.012415,4.972699,true
0.692264,400,572,0.699301,0.660494,0.735448,4,824,0.004854,0.001889,0.012415,4.970202,true
0.692876,399,572,0.697552,0.658696,0.733773,4,824,0.004854,0.001889,0.012415,4.967699,true
0.699435,398,572,0.695804,0.656899,0.732097,4,824,0.004854,0.001889,0.012415,4.965189,true
0.699709,397,572,0.694056,0.655102,0.730421,4,824,0.004854,0.001889,0.012415,4.962673,true
0.701698,396,572,0.692308,0.653306,0.728743,4,824,0.004854,0.001889,0.012415,4.960151,true
0.706841,395,572,0.690559,0.651511,0.727066,4,824,0.004854,0.001889,0.012415,4.957623,true
0.712708,394,572,0.688811,0.649716,0.725387,4,824,0.004854,0.001889,0.012415,4.955088,true
0.714159,393,572,0.687063,0.647922,0.723708,4,824,0.004854,0.001889,0.012415,4.952547,true
0.715618,392,572,0.685315,0.646129,0.722028,4,824,0.004854,0.001889,0.012415,4.949999,true
0.716089,391,572,0.683566,0.644336,0.720348,4,824,0.004854,0.001889,0.012415,4.947445,true
0.725561,390,572,0.681818,0.642543,0.718667,4,824,0.004854,0.001889,0.012415,4.944884,true
0.725912,389,572,0.680070,0.640752,0.716986,4,824,0.004854,0.001889,0.012415,4.942317,true
0.733881,388,572,0.678322,0.638961,0.715303,4,824,0.004854,0.001889,0.012415,4.939743,true
0.736359,387,572,0.676573,0.637170,0.713621,4,824,0.004854,0.001889,0.012415,4.937162,true
0.736553,386,572,0.674825,0.635381,0.711937,4,824,0.004854,0.001889,0.012415,4.934575,true
0.738148,385,572,0.673077,0.633591,0.710253,4,824,0.004854,0.001889,0.012415,4.931981,true
0.744912,384,572,0.671329,0.631803,0.708569,4,824,0.004854,0.001889,0.012415,4.929380,true
0.745522,383,572,0.669580,0.630015,0.706883,4,824,0.004854,0.001889,0.012415,4.926772,true
0.746227,382,572,0.667832,0.628227,0.705198,4,824,0.004854,0.001889,0.012415,4.924158,true
0.747877,381,572,0.666084,0.626441,0.703511,4,824,0.004854,0.001889,0.012415,4.921537,true
0.756914,380,572,0.664336,0.624654,0.701824,4,824,0.004854,0.001889,0.012415,4.918908,true
0.761208,379,572,0.662587,0.622869,0.700137,4,824,0.004854,0.001889,0.012415,4.916273,true
0.763864,378,572,0.660839,0.621084,0.698449,4,824,0.004854,0.001889,0.012415,4.913631,true
0.764103,377,572,0.659091,0.619299,0.696760,4,824,0.004854,0.001889,0.012415,4.910982,true
0.764567,376,572,0.657343,0.617515,0.695071,3,824,0.003641,0.001239,0.010649,5.196008,true
0.764964,375,572,0.655594,0.615732,0.693381,3,824,0.003641,0.001239,0.010649,5.193345,true
0.766610,374,572,0.653846,0.613949,0.691690,3,824,0.003641,0.001239,0.010649,5.190675,true
0.769662,373,572,0.652098,0.612167,0.689999,3,824,0.003641,0.001239,0.010649,5.187998,true
0.774249,372,572,0.650350,0.610386,0.688308,3,824,0.003641,0.001239,0.010649,5.185313,true
0.778697,372,572,0.650350,0.610386,0.688308,2,824,0.002427,0.000666,0.008806,5.590778,true
0.782061,371,572,0.648601,0.608605,0.686616,2,824,0.002427,0.000666,0.008806,5.588086,true
0.788742,370,572,0.646853,0.606824,0.684923,2,824,0.002427,0.000666,0.008806,5.585387,true
0.791855,369,572,0.645105,0.605044,0.683230,2,824,0.002427,0.000666,0.008806,5.582681,true
0.794167,368,572,0.643357,0.603265,0.681536,2,824,0.002427,0.000666,0.008806,5.579967,true
0.795095,367,572,0.641608,0.601486,0.679841,2,824,0.002427,0.000666,0.008806,5.577246,true
0.795277,366,572,0.639860,0.599708,0.678146,2,824,0.002427,0.000666,0.008806,5.574518,true
0.797158,365,572,0.638112,0.597930,0.676451,2,824,0.002427,0.000666,0.008806,5.571782,true
0.797846,364,572,0.636364,0.596153,0.674755,2,824,0.002427,0.000666,0.008806,5.569038,true
0.800143,363,572,0.634615,0.594377,0.673058,2,824,0.002427,0.000666,0.008806,5.566287,true
0.800969,362,572,0.632867,0.592601,0.671361,2,824,0.002427,0.000666,0.008806,5.563529,true
0.804545,361,572,0.631119,0.590825,0.669663,2,824,0.002427,0.000666,0.008806,5.560762,true
0.808658,360,572,0.629371,0.589051,0.667965,2,824,0.002427,0.000666,0.008806,5.557988,true
0.809596,359,572,0.627622,0.587276,0.666266,2,824,0.002427,0.000666,0.008806,5.555207,true
0.810389,358,572,0.625874,0.585503,0.664566,2,824,0.002427,0.000666,0.008806,5.552417,true
0.810616,357,572,0.624126,0.583729,0.662866,2,824,0.002427,0.000666,0.008806,5.549620,true
0.812631,356,572,0.622378,0.581957,0.661166,2,824,0.002427,0.000666,0.008806,5.546815,true
0.813807,355,572,0.620629,0.580185,0.659465,2,824,0.002427,0.000666,0.008806,5.544002,true
0.814242,354,572,0.618881,0.578413,0.657763,2,824,0.002427,0.000666,0.008806,5.541181,true
0.815157,353,572,0.617133,0.576642,0.656061,2,824,0.002427,0.000666,0.008806,5.538352,true
0.815425,352,572,0.615385,0.574872,0.654358,2,824,0.002427,0.000666,0.008806,5.535516,true
0.819157,351,572,0.613636,0.573102,0.652655,2,824,0.002427,0.000666,0.008806,5.532671,true
0.822146,350,572,0.611888,0.571332,0.650951,2,824,0.002427,0.000666,0.008806,5.529818,true
0.823637,349,572,0.610140,0.569563,0.649247,2,824,0.002427,0.000666,0.008806,5.526956,true
0.826888,348,572,0.608392,0.567795,0.647542,2,824,0.002427,0.000666,0.008806,5.524087,true
0.830778,347,572,0.606643,0.566027,0.645837,2,824,0.002427,0.000666,0.008806,5.521209,true
0.832313,346,572,0.604895,0.564260,0.644131,2,824,0.002427,0.000666,0.008806,5.518323,true
0.833776,345,572,0.603147,0.562493,0.642424,2,824,0.002427,0.000666,0.008806,5.515429,true
0.835106,344,572,0.601399,0.560727,0.640718,2,824,0.002427,0.000666,0.008806,5.512526,true
0.835439,343,572,0.599650,0.558961,0.639010,2,824,0.002427,0.000666,0.008806,5.509615,true
0.839549,342,572,0.597902,0.557196,0.637302,2,824,0.002427,0.000666,0.008806,5.506695,true
0.842869,341,572,0.596154,0.555431,0.635593,2,824,0.002427,0.000666,0.008806,5.503767,true
0.844660,340,572,0.594406,0.553667,0.633884,2,824,0.002427,0.000666,0.008806,5.500830,true
0.845317,339,572,0.592657,0.551904,0.632175,2,824,0.002427,0.000666,0.008806,5.497884,true
0.848117,338,572,0.590909,0.550141,0.630465,2,824,0.002427,0.000666,0.008806,5.494930,true
0.848715,337,572,0.589161,0.548378,0.628754,2,824,0.002427,0.000666,0.008806,5.491967,true
0.849361,336,572,0.587413,0.546616,0.627043,2,824,0.002427,0.000666,0.008806,5.488996,true
0.852493,335,572,0.585664,0.544854,0.625331,2,824,0.002427,0.000666,0.008806,5.486015,true
0.853244,334,572,0.583916,0.543093,0.623619,2,824,0.002427,0.000666,0.008806,5.483025,true
0.853523,333,572,0.582168,0.541333,0.621906,2,824,0.002427,0.000666,0.008806,5.480027,true
0.863575,332,572,0.580420,0.539573,0.620193,2,824,0.002427,0.000666,0.008806,5.477019,true
0.864445,331,572,0.578671,0.537814,0.618479,2,824,0.002427,0.000666,0.008806,5.474003,true
0.868364,330,572,0.576923,0.536055,0.616765,2,824,0.002427,0.000666,0.008806,5.470977,true
0.870307,329,572,0.575175,0.534296,0.615050,2,824,0.002427,0.000666,0.008806,5.467942,true
0.871533,328,572,0.573427,0.532538,0.613335,2,824,0.002427,0.000666,0.008806,5.464898,true
0.878626,327,572,0.571678,0.530781,0.611619,2,824,0.002427,0.000666,0.008806,5.461845,true
0.878787,326,572,0.569930,0.529024,0.609903,2,824,0.002427,0.000666,0.008806,5.458782,true
0.881667,325,572,0.568182,0.527268,0.608186,2,824,0.002427,0.000666,0.008806,5.455710,true
0.885151,324,572,0.566434,0.525512,0.606469,2,824,0.002427,0.000666,0.008806,5.452628,true
0.890129,323,572,0.564685,0.523756,0.604751,2,824,0.002427,0.000666,0.008806,5.449537,true
0.895993,322,572,0.562937,0.522002,0.603033,2,824,0.002427,0.000666,0.008806,5.446436,true
0.897381,321,572,0.561189,0.520247,0.601314,2,824,0.002427,0.000666,0.008806,5.443325,true
0.898338,320,572,0.559441,0.518493,0.599595,2,824,0.002427,0.000666,0.008806,5.440205,true
0.904215,319,572,0.557692,0.516740,0.597875,2,824,0.002427,0.000666,0.008806,5.437075,true
0.907785,318,572,0.555944,0.514987,0.596154,2,824,0.002427,0.000666,0.008806,5.433936,true
0.909243,317,572,0.554196,0.513235,0.594433,2,824,0.002427,0.000666,0.008806,5.430786,true
0.909387,316,572,0.552448,0.511483,0.592712,2,824,0.002427,0.000666,0.008806,5.427627,true
0.911188,315,572,0.550699,0.509732,0.590990,2,824,0.002427,0.000666,0.008806,5.424457,true
0.914578,314,572,0.548951,0.507981,0.589268,2,824,0.002427,0.000666,0.008806,5.421277,true
0.916842,313,572,0.547203,0.506231,0.587545,2,824,0.002427,0.000666,0.008806,5.418088,true
0.918822,312,572,0.545455,0.504481,0.585822,2,824,0.002427,0.000666,0.008806,5.414888,true
0.920891,311,572,0.543706,0.502732,0.584098,2,824,0.002427,0.000666,0.008806,5.411677,true
0.925202,310,572,0.541958,0.500983,0.582373,2,824,0.002427,0.000666,0.008806,5.408457,true
0.932368,309,572,0.540210,0.499235,0.580648,2,824,0.002427,0.000666,0.008806,5.405226,true
0.936723,308,572,0.538462,0.497487,0.578923,2,824,0.002427,0.000666,0.008806,5.401984,true
0.940269,307,572,0.536713,0.495740,0.577197,2,824,0.002427,0.000666,0.008806,5.398732,true
0.940387,306,572,0.534965,0.493993,0.575471,2,824,0.002427,0.000666,0.008806,5.395469,true
0.940919,305,572,0.533217,0.492247,0.573744,2,824,0.002427,0.000666,0.008806,5.392196,true
0.945409,304,572,0.531469,0.490501,0.572016,2,824,0.002427,0.000666,0.008806,5.388912,true
0.945637,303,572,0.529720,0.488756,0.570288,2,824,0.002427,0.000666,0.008806,5.385617,true
0.946688,302,572,0.527972,0.487011,0.568560,2,824,0.002427,0.000666,0.008806,5.382311,true
0.949307,301,572,0.526224,0.485266,0.566831,2,824,0.002427,0.000666,0.008806,5.378995,true
0.957669,300,572,0.524476,0.483523,0.565102,2,824,0.002427,0.000666,0.008806,5.375667,true
0.958539,299,572,0.522727,0.481779,0.563372,2,824,0.002427,0.000666,0.008806,5.372328,true
0.969874,298,572,0.520979,0.480037,0.561642,2,824,0.002427,0.000666,0.008806,5.368978,true
0.970145,297,572,0.519231,0.478294,0.559911,2,824,0.002427,0.000666,0.008806,5.365616,true
0.970725,296,572,0.517483,0.476552,0.558179,2,824,0.002427,0.000666,0.008806,5.362244,true
0.980365,295,572,0.515734,0.474811,0.556447,2,824,0.002427,0.000666,0.008806,5.358860,true
0.982566,294,572,0.513986,0.473070,0.554715,2,824,0.002427,0.000666,0.008806,5.355464,true
0.983917,293,572,0.512238,0.471330,0.552982,2,824,0.002427,0.000666,0.008806,5.352057,true
0.984311,292,572,0.510490,0.469590,0.551249,2,824,0.002427,0.000666,0.008806,5.348638,true
0.987337,291,572,0.508741,0.467851,0.549515,2,824,0.002427,0.000666,0.008806,5.345208,true
0.990815,290,572,0.506993,0.466112,0.547781,2,824,0.002427,0.000666,0.008806,5.341765,true
0.992302,289,572,0.505245,0.464374,0.546046,2,824,0.002427,0.000666,0.008806,5.338311,true
0.994098,288,572,0.503497,0.462636,0.544310,2,824,0.002427,0.000666,0.008806,5.334845,true
0.994909,287,572,0.501748,0.460899,0.542575,2,824,0.002427,0.000666,0.008806,5.331367,true
0.994917,286,572,0.500000,0.459162,0.540838,2,824,0.002427,0.000666,0.008806,5.327876,true
0.996761,285,572,0.498252,0.457425,0.539101,2,824,0.002427,0.000666,0.008806,5.324374,true
1.000682,284,572,0.496503,0.455690,0.537364,2,824,0.002427,0.000666,0.008806,5.320859,true
1.003746,283,572,0.494755,0.453954,0.535626,2,824,0.002427,0.000666,0.008806,5.317331,true
1.009398,282,572,0.493007,0.452219,0.533888,2,824,0.002427,0.000666,0.008806,5.313791,true
1.012090,281,572,0.491259,0.450485,0.532149,2,824,0.002427,0.000666,0.008806,5.310239,true
1.013360,280,572,0.489510,0.448751,0.530410,2,824,0.002427,0.000666,0.008806,5.306674,true
1.015897,279,572,0.487762,0.447018,0.528670,2,824,0.002427,0.000666,0.008806,5.303096,true
1.016351,278,572,0.486014,0.445285,0.526930,2,824,0.002427,0.000666,0.008806,5.299505,true
1.017619,277,572,0.484266,0.443553,0.525189,2,824,0.002427,0.000666,0.008806,5.295902,true
1.018961,276,572,0.482517,0.441821,0.523448,2,824,0.002427,0.000666,0.008806,5.292285,true
1.020119,275,572,0.480769,0.440089,0.521706,2,824,0.002427,0.000666,0.008806,5.288655,true
1.025641,274,572,0.479021,0.438358,0.519963,2,824,0.002427,0.000666,0.008806,5.285012,true
1.026928,273,572,0.477273,0.436628,0.518221,2,824,0.002427,0.000666,0.008806,5.281356,true
1.027755,272,572,0.475524,0.434898,0.516477,2,824,0.002427,0.000666,0.008806,5.277686,true
1.029732,271,572,0.473776,0.433169,0.514734,2,824,0.002427,0.000666,0.008806,5.274003,true
1.030529,270,572,0.472028,0.431440,0.512989,2,824,0.002427,0.000666,0.008806,5.270306,true
1.032794,269,572,0.470280,0.429712,0.511244,2,824,0.002427,0.000666,0.008806,5.266596,true
1.039282,268,572,0.468531,0.427984,0.509499,2,824,0.002427,0.000666,0.008806,5.262871,true
1.039761,267,572,0.466783,0.426256,0.507753,2,824,0.002427,0.000666,0.008806,5.259133,true
1.041637,266,572,0.465035,0.424529,0.506007,2,824,0.002427,0.000666,0.008806,5.255381,true
1.044288,265,572,0.463287,0.422803,0.504260,2,824,0.002427,0.000666,0.008806,5.251614,true
1.047182,264,572,0.461538,0.421077,0.502513,2,824,0.002427,0.000666,0.008806,5.247833,true
1.050790,263,572,0.459790,0.419352,0.500765,2,824,0.002427,0.000666,0.008806,5.244038,true
1.050918,262,572,0.458042,0.417627,0.499017,2,824,0.002427,0.000666,0.008806,5.240229,true
1.055240,261,572,0.456294,0.415902,0.497268,2,824,0.002427,0.000666,0.008806,5.236405,true
1.057257,260,572,0.454545,0.414178,0.495519,2,824,0.002427,0.000666,0.008806,5.232566,true
1.058395,259,572,0.452797,0.412455,0.493769,2,824,0.002427,0.000666,0.008806,5.228712,true
1.061742,258,572,0.451049,0.410732,0.492019,2,824,0.002427,0.000666,0.008806,5.224844,true
1.064517,257,572,0.449301,0.409010,0.490268,2,824,0.002427,0.000666,0.008806,5.220960,true
1.066726,256,572,0.447552,0.407288,0.488517,2,824,0.002427,0.000666,0.008806,5.217062,true
1.068500,255,572,0.445804,0.405567,0.486765,2,824,0.002427,0.000666,0.008806,5.213148,true
1.068527,254,572,0.444056,0.403846,0.485013,2,824,0.002427,0.000666,0.008806,5.209219,true
1.069032,253,572,0.442308,0.402125,0.483260,2,824,0.002427,0.000666,0.008806,5.205274,true
1.075603,252,572,0.440559,0.400405,0.481507,2,824,0.002427,0.000666,0.008806,5.201313,true
1.084654,251,572,0.438811,0.398686,0.479753,2,824,0.002427,0.000666,0.008806,5.197337,true
1.086406,250,572,0.437063,0.396967,0.477998,2,824,0.002427,0.000666,0.008806,5.193345,true
1.086903,249,572,0.435315,0.395249,0.476244,2,824,0.002427,0.000666,0.008806,5.189337,true
1.089282,248,572,0.433566,0.393531,0.474488,2,824,0.002427,0.000666,0.008806,5.185313,true
1.089862,247,572,0.431818,0.391814,0.472732,2,824,0.002427,0.000666,0.008806,5.181273,true
1.090817,246,572,0.430070,0.390097,0.470976,2,824,0.002427,0.000666,0.008806,5.177216,true
1.094514,245,572,0.428322,0.388381,0.469219,2,824,0.002427,0.000666,0.008806,5.173143,true
1.096167,244,572,0.426573,0.386665,0.467462,2,824,0.002427,0.000666,0.008806,5.169053,true
1.103632,243,572,0.424825,0.384950,0.465704,2,824,0.002427,0.000666,0.008806,5.164946,true
1.104969,242,572,0.423077,0.383235,0.463945,2,824,0.002427,0.000666,0.008806,5.160822,true
1.112299,241,572,0.421329,0.381521,0.462186,2,824,0.002427,0.000666,0.008806,5.156681,true
1.115084,240,572,0.419580,0.379807,0.460427,2,824,0.002427,0.000666,0.008806,5.152523,true
1.124221,239,572,0.417832,0.378094,0.458667,2,824,0.002427,0.000666,0.008806,5.148348,true
1.135298,238,572,0.416084,0.376381,0.456907,2,824,0.002427,0.000666,0.008806,5.144155,true
1.138161,237,572,0.414336,0.374669,0.455146,2,824,0.002427,0.000666,0.008806,5.139944,true
1.141054,236,572,0.412587,0.372957,0.453384,2,824,0.002427,0.000666,0.008806,5.135716,true
1.141573,235,572,0.410839,0.371246,0.451622,2,824,0.002427,0.000666,0.008806,5.131470,true
1.147348,234,572,0.409091,0.369535,0.449859,1,824,0.001214,0.000214,0.006842,5.820353,true
1.148842,233,572,0.407343,0.367825,0.448096,1,824,0.001214,0.000214,0.006842,5.816070,true
1.159481,232,572,0.405594,0.366116,0.446333,1,824,0.001214,0.000214,0.006842,5.811769,true
1.161120,231,572,0.403846,0.364407,0.444569,1,824,0.001214,0.000214,0.006842,5.807449,true
1.162258,230,572,0.402098,0.362698,0.442804,1,824,0.001214,0.000214,0.006842,5.803111,true
1.162563,229,572,0.400350,0.360990,0.441039,1,824,0.001214,0.000214,0.006842,5.798754,true
1.170038,228,572,0.398601,0.359282,0.439273,1,824,0.001214,0.000214,0.006842,5.794377,true
1.171151,227,572,0.396853,0.357576,0.437507,1,824,0.001214,0.000214,0.006842,5.789982,true
1.175517,226,572,0.395105,0.355869,0.435740,1,824,0.001214,0.000214,0.006842,5.785567,true
1.186955,225,572,0.393357,0.354163,0.433973,1,824,0.001214,0.000214,0.006842,5.781132,true
1.197468,224,572,0.391608,0.352458,0.432205,1,824,0.001214,0.000214,0.006842,5.776678,true
1.200886,223,572,0.389860,0.350753,0.430437,1,824,0.001214,0.000214,0.006842,5.772203,true
1.206094,222,572,0.388112,0.349049,0.428668,1,824,0.001214,0.000214,0.006842,5.767709,true
1.207279,221,572,0.386364,0.347345,0.426898,1,824,0.001214,0.000214,0.006842,5.763194,true
1.209407,220,572,0.384615,0.345642,0.425128,1,824,0.001214,0.000214,0.006842,5.758659,true
1.210059,219,572,0.382867,0.343939,0.423358,1,824,0.001214,0.000214,0.006842,5.754103,true
1.211445,218,572,0.381119,0.342237,0.421587,1,824,0.001214,0.000214,0.006842,5.749527,true
1.216344,217,572,0.379371,0.340535,0.419815,1,824,0.001214,0.000214,0.006842,5.744929,true
1.216521,216,572,0.377622,0.338834,0.418043,1,824,0.001214,0.000214,0.006842,5.740310,true
1.218979,215,572,0.375874,0.337134,0.416271,1,824,0.001214,0.000214,0.006842,5.735670,true
1.219093,214,572,0.374126,0.335434,0.414497,1,824,0.001214,0.000214,0.006842,5.731008,true
1.219716,213,572,0.372378,0.333734,0.412724,1,824,0.001214,0.000214,0.006842,5.726324,true
1.223632,212,572,0.370629,0.332035,0.410949,1,824,0.001214,0.000214,0.006842,5.721618,true
1.223766,211,572,0.368881,0.330337,0.409175,1,824,0.001214,0.000214,0.006842,5.716890,true
1.224172,210,572,0.367133,0.328639,0.407399,1,824,0.001214,0.000214,0.006842,5.712139,true
1.225061,209,572,0.365385,0.326942,0.405623,1,824,0.001214,0.000214,0.006842,5.707366,true
1.228385,208,572,0.363636,0.325245,0.403847,1,824,0.001214,0.000214,0.006842,5.702570,true
1.229539,207,572,0.361888,0.323549,0.402070,1,824,0.001214,0.000214,0.006842,5.697750,true
1.229572,206,572,0.360140,0.321854,0.400292,1,824,0.001214,0.000214,0.006842,5.692908,true
1.230229,205,572,0.358392,0.320159,0.398514,1,824,0.001214,0.000214,0.006842,5.688042,true
1.231779,204,572,0.356643,0.318464,0.396735,1,824,0.001214,0.000214,0.006842,5.683152,true
1.236113,203,572,0.354895,0.316770,0.394956,1,824,0.001214,0.000214,0.006842,5.678238,true
1.238590,202,572,0.353147,0.315077,0.393176,1,824,0.001214,0.000214,0.006842,5.673299,true
1.243914,201,572,0.351399,0.313384,0.391395,1,824,0.001214,0.000214,0.006842,5.668336,true
1.246245,200,572,0.349650,0.311692,0.389614,1,824,0.001214,0.000214,0.006842,5.663349,true
1.246868,199,572,0.347902,0.310001,0.387833,1,824,0.001214,0.000214,0.006842,5.658336,true
1.247398,198,572,0.346154,0.308310,0.386051,1,824,0.001214,0.000214,0.006842,5.653299,true
1.247507,197,572,0.344406,0.306619,0.384268,1,824,0.001214,0.000214,0.006842,5.648235,true
1.249077,196,572,0.342657,0.304929,0.382485,1,824,0.001214,0.000214,0.006842,5.643146,true
1.252472,195,572,0.340909,0.303240,0.380701,1,824,0.001214,0.000214,0.006842,5.638031,true
1.252975,194,572,0.339161,0.301551,0.378916,1,824,0.001214,0.000214,0.006842,5.632890,true
1.255810,193,572,0.337413,0.299863,0.377131,1,824,0.001214,0.000214,0.006842,5.627722,true
1.257469,192,572,0.335664,0.298176,0.375346,1,824,0.001214,0.000214,0.006842,5.622527,true
1.257997,191,572,0.333916,0.296489,0.373559,1,824,0.001214,0.000214,0.006842,5.617305,true
1.263206,190,572,0.332168,0.294802,0.371773,1,824,0.001214,0.000214,0.006842,5.612056,true
1.264605,189,572,0.330420,0.293117,0.369985,1,824,0.001214,0.000214,0.006842,5.606779,true
1.274339,188,572,0.328671,0.291431,0.368197,1,824,0.001214,0.000214,0.006842,5.601474,true
1.274382,187,572,0.326923,0.289747,0.366409,1,824,0.001214,0.000214,0.006842,5.596140,true
1.275852,186,572,0.325175,0.288063,0.364619,1,824,0.001214,0.000214,0.006842,5.590778,true
1.278101,185,572,0.323427,0.286379,0.362830,1,824,0.001214,0.000214,0.006842,5.585387,true
1.279718,184,572,0.321678,0.284697,0.361039,1,824,0.001214,0.000214,0.006842,5.579967,true
1.281710,183,572,0.319930,0.283014,0.359248,1,824,0.001214,0.000214,0.006842,5.574518,true
1.282570,182,572,0.318182,0.281333,0.357457,1,824,0.001214,0.000214,0.006842,5.569038,true
1.285858,181,572,0.316434,0.279652,0.355664,1,824,0.001214,0.000214,0.006842,5.563529,true
1.292739,180,572,0.314685,0.277972,0.353871,1,824,0.001214,0.000214,0.006842,5.557988,true
1.303690,179,572,0.312937,0.276292,0.352078,1,824,0.001214,0.000214,0.006842,5.552417,true
1.303693,178,572,0.311189,0.274613,0.350284,1,824,0.001214,0.000214,0.006842,5.546815,true
1.311181,177,572,0.309441,0.272934,0.348489,1,824,0.001214,0.000214,0.006842,5.541181,true
1.312316,176,572,0.307692,0.271257,0.346694,1,824,0.001214,0.000214,0.006842,5.535516,true
1.316296,175,572,0.305944,0.269579,0.344898,1,824,0.001214,0.000214,0.006842,5.529818,true
1.316919,174,572,0.304196,0.267903,0.343101,1,824,0.001214,0.000214,0.006842,5.524087,true
1.319970,173,572,0.302448,0.266227,0.341304,1,824,0.001214,0.000214,0.006842,5.518323,true
1.324721,172,572,0.300699,0.264552,0.339506,1,824,0.001214,0.000214,0.006842,5.512526,true
1.329728,171,572,0.298951,0.262877,0.337708,1,824,0.001214,0.000214,0.006842,5.506695,true
1.330877,170,572,0.297203,0.261203,0.335908,1,824,0.001214,0.000214,0.006842,5.500830,true
1.332728,169,572,0.295455,0.259530,0.334109,1,824,0.001214,0.000214,0.006842,5.494930,true
1.333074,168,572,0.293706,0.257857,0.332308,1,824,0.001214,0.000214,0.006842,5.488996,true
1.333696,167,572,0.291958,0.256185,0.330507,1,824,0.001214,0.000214,0.006842,5.483025,true
1.335075,166,572,0.290210,0.254513,0.328705,1,824,0.001214,0.000214,0.006842,5.477019,true
1.337559,165,572,0.288462,0.252843,0.326903,1,824,0.001214,0.000214,0.006842,5.470977,true
1.341204,164,572,0.286713,0.251173,0.325100,1,824,0.001214,0.000214,0.006842,5.464898,true
1.341618,163,572,0.284965,0.249503,0.323296,1,824,0.001214,0.000214,0.006842,5.458782,true
1.344723,162,572,0.283217,0.247834,0.321492,1,824,0.001214,0.000214,0.006842,5.452628,true
1.345552,161,572,0.281469,0.246166,0.319686,1,824,0.001214,0.000214,0.006842,5.446436,true
1.346662,160,572,0.279720,0.244499,0.317881,1,824,0.001214,0.000214,0.006842,5.440205,true
1.354285,159,572,0.277972,0.242832,0.316074,1,824,0.001214,0.000214,0.006842,5.433936,true
1.355504,158,572,0.276224,0.241166,0.314267,1,824,0.001214,0.000214,0.006842,5.427627,true
1.380361,157,572,0.274476,0.239501,0.312459,1,824,0.001214,0.000214,0.006842,5.421277,true
1.385931,156,572,0.272727,0.237836,0.310651,1,824,0.001214,0.000214,0.006842,5.414888,true
1.388298,155,572,0.270979,0.236172,0.308841,1,824,0.001214,0.000214,0.006842,5.408457,true
1.391395,154,572,0.269231,0.234509,0.307031,1,824,0.001214,0.000214,0.006842,5.401984,true
1.405347,153,572,0.267483,0.232847,0.305221,1,824,0.001214,0.000214,0.006842,5.395469,true
1.406041,152,572,0.265734,0.231185,0.303409,1,824,0.001214,0.000214,0.006842,5.388912,true
1.408378,151,572,0.263986,0.229524,0.301597,1,824,0.001214,0.000214,0.006842,5.382311,true
1.408899,150,572,0.262238,0.227863,0.299784,1,824,0.001214,0.000214,0.006842,5.375667,true
1.411808,149,572,0.260490,0.226204,0.297971,1,824,0.001214,0.000214,0.006842,5.368978,true
1.419977,148,572,0.258741,0.224545,0.296157,1,824,0.001214,0.000214,0.006842,5.362244,true
1.423101,147,572,0.256993,0.222887,0.294342,1,824,0.001214,0.000214,0.006842,5.355464,true
1.424097,146,572,0.255245,0.221229,0.292526,1,824,0.001214,0.000214,0.006842,5.348638,true
1.424478,145,572,0.253497,0.219573,0.290709,1,824,0.001214,0.000214,0.006842,5.341765,true
1.426199,144,572,0.251748,0.217917,0.288892,1,824,0.001214,0.000214,0.006842,5.334845,true
1.429212,143,572,0.250000,0.216262,0.287074,1,824,0.001214,0.000214,0.006842,5.327876,true
1.429249,142,572,0.248252,0.214607,0.285255,1,824,0.001214,0.000214,0.006842,5.320859,true
1.437530,141,572,0.246503,0.212953,0.283436,1,824,0.001214,0.000214,0.006842,5.313791,true
1.442383,140,572,0.244755,0.211301,0.281615,1,824,0.001214,0.000214,0.006842,5.306674,true
1.442387,139,572,0.243007,0.209649,0.279794,1,824,0.001214,0.000214,0.006842,5.299505,true
1.442483,138,572,0.241259,0.207997,0.277972,1,824,0.001214,0.000214,0.006842,5.292285,true
1.444789,137,572,0.239510,0.206347,0.276150,1,824,0.001214,0.000214,0.006842,5.285012,true
1.451240,136,572,0.237762,0.204697,0.274326,1,824,0.001214,0.000214,0.006842,5.277686,true
1.452689,135,572,0.236014,0.203048,0.272502,1,824,0.001214,0.000214,0.006842,5.270306,true
1.453539,134,572,0.234266,0.201400,0.270677,1,824,0.001214,0.000214,0.006842,5.262871,true
1.456706,133,572,0.232517,0.199753,0.268851,1,824,0.001214,0.000214,0.006842,5.255381,true
1.467184,132,572,0.230769,0.198106,0.267024,1,824,0.001214,0.000214,0.006842,5.247833,true
1.468821,131,572,0.229021,0.196460,0.265197,1,824,0.001214,0.000214,0.006842,5.240229,true
1.469763,130,572,0.227273,0.194816,0.263369,1,824,0.001214,0.000214,0.006842,5.232566,true
1.473439,129,572,0.225524,0.193172,0.261539,1,824,0.001214,0.000214,0.006842,5.224844,true
1.481839,128,572,0.223776,0.191528,0.259709,1,824,0.001214,0.000214,0.006842,5.217062,true
1.485285,127,572,0.222028,0.189886,0.257878,1,824,0.001214,0.000214,0.006842,5.209219,true
1.491186,126,572,0.220280,0.188245,0.256047,1,824,0.001214,0.000214,0.006842,5.201313,true
1.491890,125,572,0.218531,0.186604,0.254214,1,824,0.001214,0.000214,0.006842,5.193345,true
1.492855,124,572,0.216783,0.184965,0.252381,1,824,0.001214,0.000214,0.006842,5.185313,true
1.493369,123,572,0.215035,0.183326,0.250546,1,824,0.001214,0.000214,0.006842,5.177216,true
1.496019,122,572,0.213287,0.181688,0.248711,1,824,0.001214,0.000214,0.006842,5.169053,true
1.496051,121,572,0.211538,0.180051,0.246875,1,824,0.001214,0.000214,0.006842,5.160822,true
1.499763,120,572,0.209790,0.178415,0.245038,1,824,0.001214,0.000214,0.006842,5.152523,true
1.502574,119,572,0.208042,0.176779,0.243200,1,824,0.001214,0.000214,0.006842,5.144155,true
1.502906,118,572,0.206294,0.175145,0.241361,1,824,0.001214,0.000214,0.006842,5.135716,true
1.505660,117,572,0.204545,0.173512,0.239521,1,824,0.001214,0.000214,0.006842,5.127205,true
1.511648,116,572,0.202797,0.171879,0.237680,1,824,0.001214,0.000214,0.006842,5.118622,true
1.515996,115,572,0.201049,0.170248,0.235839,1,824,0.001214,0.000214,0.006842,5.109964,true
1.517573,114,572,0.199301,0.168617,0.233996,1,824,0.001214,0.000214,0.006842,5.101230,true
1.517762,113,572,0.197552,0.166988,0.232152,1,824,0.001214,0.000214,0.006842,5.092419,true
1.518981,112,572,0.195804,0.165359,0.230308,1,824,0.001214,0.000214,0.006842,5.083530,true
1.521769,111,572,0.194056,0.163732,0.228462,1,824,0.001214,0.000214,0.006842,5.074562,true
1.523760,110,572,0.192308,0.162105,0.226615,1,824,0.001214,0.000214,0.006842,5.065512,true
1.524054,109,572,0.190559,0.160480,0.224768,1,824,0.001214,0.000214,0.006842,5.056379,true
1.526161,108,572,0.188811,0.158855,0.222919,1,824,0.001214,0.000214,0.006842,5.047163,true
1.526829,107,572,0.187063,0.157232,0.221070,1,824,0.001214,0.000214,0.006842,5.037860,true
1.531864,106,572,0.185315,0.155609,0.219219,1,824,0.001214,0.000214,0.006842,5.028471,true
1.534534,105,572,0.183566,0.153988,0.217367,1,824,0.001214,0.000214,0.006842,5.018992,true
1.536532,104,572,0.181818,0.152367,0.215514,1,824,0.001214,0.000214,0.006842,5.009422,true
1.543084,103,572,0.180070,0.150748,0.213660,1,824,0.001214,0.000214,0.006842,4.999761,true
1.545133,102,572,0.178322,0.149130,0.211806,1,824,0.001214,0.000214,0.006842,4.990004,true
1.547269,101,572,0.176573,0.147513,0.209949,1,824,0.001214,0.000214,0.006842,4.980152,true
1.553240,100,572,0.174825,0.145897,0.208092,1,824,0.001214,0.000214,0.006842,4.970202,true
1.553610,99,572,0.173077,0.144282,0.206234,1,824,0.001214,0.000214,0.006842,4.960151,true
1.561432,98,572,0.171329,0.142668,0.204375,1,824,0.001214,0.000214,0.006842,4.949999,true
1.564368,97,572,0.169580,0.141055,0.202514,1,824,0.001214,0.000214,0.006842,4.939743,true
1.567322,96,572,0.167832,0.139444,0.200652,1,824,0.001214,0.000214,0.006842,4.929380,true
1.570789,95,572,0.166084,0.137834,0.198789,1,824,0.001214,0.000214,0.006842,4.918908,true
1.573081,94,572,0.164336,0.136225,0.196925,1,824,0.001214,0.000214,0.006842,4.908326,true
1.581750,93,572,0.162587,0.134617,0.195060,1,824,0.001214,0.000214,0.006842,4.897631,true
1.583942,92,572,0.160839,0.133010,0.193193,1,824,0.001214,0.000214,0.006842,4.886820,true
1.584498,91,572,0.159091,0.131405,0.191326,1,824,0.001214,0.000214,0.006842,4.875891,true
1.591134,90,572,0.157343,0.129801,0.189457,1,824,0.001214,0.000214,0.006842,4.864841,true
1.598597,89,572,0.155594,0.128198,0.187586,1,824,0.001214,0.000214,0.006842,4.853668,true
1.600673,88,572,0.153846,0.126596,0.185715,1,824,0.001214,0.000214,0.006842,4.842368,true
1.601430,87,572,0.152098,0.124996,0.183842,1,824,0.001214,0.000214,0.006842,4.830940,true
1.603979,86,572,0.150350,0.123397,0.181967,1,824,0.001214,0.000214,0.006842,4.819379,true
1.607971,85,572,0.148601,0.121799,0.180092,1,824,0.001214,0.000214,0.006842,4.807683,true
1.609099,84,572,0.146853,0.120203,0.178215,1,824,0.001214,0.000214,0.006842,4.795848,true
1.612039,83,572,0.145105,0.118608,0.176337,1,824,0.001214,0.000214,0.006842,4.783872,true
1.616282,82,572,0.143357,0.117015,0.174457,1,824,0.001214,0.000214,0.006842,4.771751,true
1.619939,81,572,0.141608,0.115423,0.172576,1,824,0.001214,0.000214,0.006842,4.759481,true
1.620971,80,572,0.139860,0.113832,0.170693,1,824,0.001214,0.000214,0.006842,4.747058,true
1.622083,79,572,0.138112,0.112243,0.168809,1,824,0.001214,0.000214,0.006842,4.734479,true
1.644795,78,572,0.136364,0.110655,0.166923,1,824,0.001214,0.000214,0.006842,4.721740,true
1.649411,77,572,0.134615,0.109069,0.165036,1,824,0.001214,0.000214,0.006842,4.708837,true
1.650598,76,572,0.132867,0.107485,0.163148,1,824,0.001214,0.000214,0.006842,4.695765,true
1.653798,75,572,0.131119,0.105902,0.161258,1,824,0.001214,0.000214,0.006842,4.682520,true
1.666170,74,572,0.129371,0.104320,0.159366,1,824,0.001214,0.000214,0.006842,4.669097,true
1.672492,73,572,0.127622,0.102741,0.157472,1,824,0.001214,0.000214,0.006842,4.655491,true
1.673262,72,572,0.125874,0.101163,0.155577,1,824,0.001214,0.000214,0.006842,4.641698,true
1.678924,71,572,0.124126,0.099586,0.153681,1,824,0.001214,0.000214,0.006842,4.627711,true
1.679579,70,572,0.122378,0.098011,0.151782,1,824,0.001214,0.000214,0.006842,4.613527,true
1.680210,69,572,0.120629,0.096438,0.149882,1,824,0.001214,0.000214,0.006842,4.599138,true
1.684283,68,572,0.118881,0.094867,0.147980,1,824,0.001214,0.000214,0.006842,4.584539,true
1.685289,67,572,0.117133,0.093298,0.146076,1,824,0.001214,0.000214,0.006842,4.569724,true
1.685962,66,572,0.115385,0.091730,0.144171,1,824,0.001214,0.000214,0.006842,4.554686,true
1.694421,65,572,0.113636,0.090164,0.142263,1,824,0.001214,0.000214,0.006842,4.539419,true
1.695746,64,572,0.111888,0.088601,0.140354,1,824,0.001214,0.000214,0.006842,4.523915,true
1.699120,63,572,0.110140,0.087039,0.138442,1,824,0.001214,0.000214,0.006842,4.508166,true
1.709533,62,572,0.108392,0.085479,0.136529,1,824,0.001214,0.000214,0.006842,4.492166,true
1.711224,61,572,0.106643,0.083921,0.134614,1,824,0.001214,0.000214,0.006842,4.475905,true
1.713816,60,572,0.104895,0.082365,0.132696,1,824,0.001214,0.000214,0.006842,4.459376,true
1.726387,59,572,0.103147,0.080812,0.130777,1,824,0.001214,0.000214,0.006842,4.442569,true
1.726600,58,572,0.101399,0.079260,0.128855,1,824,0.001214,0.000214,0.006842,4.425475,true
1.731207,57,572,0.099650,0.077711,0.126931,1,824,0.001214,0.000214,0.006842,4.408083,true
1.733085,56,572,0.097902,0.076164,0.125005,1,824,0.001214,0.000214,0.006842,4.390383,true
1.733715,55,572,0.096154,0.074619,0.123077,1,824,0.001214,0.000214,0.006842,4.372365,true
1.739094,54,572,0.094406,0.073077,0.121146,1,824,0.001214,0.000214,0.006842,4.354016,true
1.741202,53,572,0.092657,0.071537,0.119212,1,824,0.001214,0.000214,0.006842,4.335323,true
1.742073,52,572,0.090909,0.070000,0.117277,1,824,0.001214,0.000214,0.006842,4.316275,true
1.748789,51,572,0.089161,0.068465,0.115338,1,824,0.001214,0.000214,0.006842,4.296857,true
1.766439,50,572,0.087413,0.066933,0.113397,1,824,0.001214,0.000214,0.006842,4.277055,true
1.786801,49,572,0.085664,0.065403,0.111453,1,824,0.001214,0.000214,0.006842,4.256852,true
1.806447,48,572,0.083916,0.063877,0.109507,1,824,0.001214,0.000214,0.006842,4.236233,true
1.816286,47,572,0.082168,0.062353,0.107558,1,824,0.001214,0.000214,0.006842,4.215179,true
1.816538,46,572,0.080420,0.060832,0.105606,1,824,0.001214,0.000214,0.006842,4.193673,true
1.826330,45,572,0.078671,0.059314,0.103650,1,824,0.001214,0.000214,0.006842,4.171694,true
1.835281,44,572,0.076923,0.057799,0.101692,1,824,0.001214,0.000214,0.006842,4.149221,true
1.845934,43,572,0.075175,0.056287,0.099730,1,824,0.001214,0.000214,0.006842,4.126232,true
1.846143,42,572,0.073427,0.054779,0.097766,1,824,0.001214,0.000214,0.006842,4.102701,true
1.850253,41,572,0.071678,0.053274,0.095797,1,824,0.001214,0.000214,0.006842,4.078604,true
1.851050,40,572,0.069930,0.051773,0.093826,1,824,0.001214,0.000214,0.006842,4.053911,true
1.853659,39,572,0.068182,0.050275,0.091850,1,824,0.001214,0.000214,0.006842,4.028593,true
1.859031,38,572,0.066434,0.048781,0.089871,1,824,0.001214,0.000214,0.006842,4.002618,true
1.868003,37,572,0.064685,0.047291,0.087888,1,824,0.001214,0.000214,0.006842,3.975949,true
1.869223,36,572,0.062937,0.045804,0.085901,1,824,0.001214,0.000214,0.006842,3.948550,true
1.872999,35,572,0.061189,0.044323,0.083910,1,824,0.001214,0.000214,0.006842,3.920380,true
1.873241,35,572,0.061189,0.044323,0.083910,0,824,0.000000,0.000000,0.004640,,true
1.882474,34,572,0.059441,0.042845,0.081914,0,824,0.000000,0.000000,0.004640,,true
1.887109,33,572,0.057692,0.041372,0.079914,0,824,0.000000,0.000000,0.004640,,true
1.901885,32,572,0.055944,0.039904,0.077909,0,824,0.000000,0.000000,0.004640,,true
1.906715,31,572,0.054196,0.038440,0.075899,0,824,0.000000,0.000000,0.004640,,true
1.939564,30,572,0.052448,0.036982,0.073884,0,824,0.000000,0.000000,0.004640,,true
1.940018,29,572,0.050699,0.035529,0.071864,0,824,0.000000,0.000000,0.004640,,true
1.942934,28,572,0.048951,0.034082,0.069838,0,824,0.000000,0.000000,0.004640,,true
1.957169,27,572,0.047203,0.032641,0.067806,0,824,0.000000,0.000000,0.004640,,true
1.981741,26,572,0.045455,0.031206,0.065768,0,824,0.000000,0.000000,0.004640,,true
2.003486,25,572,0.043706,0.029777,0.063723,0,824,0.000000,0.000000,0.004640,,true
2.010887,24,572,0.041958,0.028355,0.061672,0,824,0.000000,0.000000,0.004640,,true
2.011487,23,572,0.040210,0.026941,0.059613,0,824,0.000000,0.000000,0.004640,,true
2.019442,22,572,0.038462,0.025535,0.057546,0,824,0.000000,0.000000,0.004640,,true
2.027679,21,572,0.036713,0.024136,0.055472,0,824,0.000000,0.000000,0.004640,,true
2.038078,20,572,0.034965,0.022747,0.053388,0,824,0.000000,0.000000,0.004640,,true
2.041716,19,572,0.033217,0.021367,0.051295,0,824,0.000000,0.000000,0.004640,,true
2.051218,18,572,0.031469,0.019996,0.049192,0,824,0.000000,0.000000,0.004640,,true
2.053102,17,572,0.029720,0.018637,0.047078,0,824,0.000000,0.000000,0.004640,,true
2.056745,16,572,0.027972,0.017290,0.044952,0,824,0.000000,0.000000,0.004640,,true
2.060966,15,572,0.026224,0.015955,0.042813,0,824,0.000000,0.000000,0.004640,,true
2.067387,14,572,0.024476,0.014635,0.040661,0,824,0.000000,0.000000,0.004640,,true
2.097471,13,572,0.022727,0.013329,0.038493,0,824,0.000000,0.000000,0.004640,,true
2.118939,12,572,0.020979,0.012041,0.036308,0,824,0.000000,0.000000,0.004640,,true
2.131508,11,572,0.019231,0.010771,0.034105,0,824,0.000000,0.000000,0.004640,,true
2.135923,10,572,0.017483,0.009523,0.031879,0,824,0.000000,0.000000,0.004640,,true
2.140529,9,572,0.015734,0.008300,0.029630,0,824,0.000000,0.000000,0.004640,,true
2.215409,8,572,0.013986,0.007104,0.027353,0,824,0.000000,0.000000,0.004640,,true
2.250077,7,572,0.012238,0.005940,0.025043,0,824,0.000000,0.000000,0.004640,,true
2.263154,6,572,0.010490,0.004816,0.022694,0,824,0.000000,0.000000,0.004640,,true
2.291759,5,572,0.008741,0.003739,0.020298,0,824,0.000000,0.000000,0.004640,,true
2.346309,4,572,0.006993,0.002723,0.017841,0,824,0.000000,0.000000,0.004640,,true
2.415610,3,572,0.005245,0.001785,0.015305,0,824,0.000000,0.000000,0.004640,,true
2.610638,2,572,0.003497,0.000959,0.012658,0,824,0.000000,0.000000,0.004640,,true
2.713030,1,572,0.001748,0.000309,0.009836,0,824,0.000000,0.000000,0.004640,,true
